{"features":[{"geometry":{"coordinates":[[[120.9143476,15.5298317],[120.918882,15.5412235],[120.9000231,15.5483544],[120.8897515,15.5352169],[120.8920222,15.5254686],[120.8841561,15.5203998],[120.8792969,15.5161389],[120.8793764,15.5160261],[120.8914352,15.5191915],[120.9047841,15.5163479],[120.9143476,15.5298317]]],"type":"Polygon"},"properties":{"city":"Aliaga","key":"Betes||Aliaga","name":"Betes","psgc":"304901003","sourceType":"barangay-map-search"},"type":"Feature"},{"geometry":{"coordinates":[[[120.8849992,15.5392754],[120.876464,15.5536685],[120.8732247,15.5464105],[120.8502878,15.5309244],[120.8559627,15.5211986],[120.8536487,15.5118978],[120.8579419,15.507544],[120.8792969,15.5161389],[120.8841561,15.5203998],[120.8773474,15.526561],[120.8849992,15.5392754]]],"type":"Polygon"},"properties":{"city":"Aliaga","key":"Bibiclat||Aliaga","name":"Bibiclat","psgc":"304901004","sourceType":"barangay-map-search"},"type":"Feature"},{"geometry":{"coordinates":[[[120.8792969,15.5161389],[120.8579419,15.507544],[120.8584632,15.5030143],[120.8579596,15.5009759],[120.8600858,15.492416],[120.8685023,15.4869773],[120.8875807,15.4897329],[120.886859,15.4936441],[120.8869561,15.4949848],[120.8810399,15.5046086],[120.8793764,15.5160261],[120.8792969,15.5161389]]],"type":"Polygon"},"properties":{"city":"Aliaga","key":"Bucot||Aliaga","name":"Bucot","psgc":"304901005","sourceType":"barangay-map-search"},"type":"Feature"},{"geometry":{"coordinates":[[[120.8424869,15.5131381],[120.8374119,15.5277926],[120.8200185,15.5212184],[120.8269055,15.5097417],[120.8406321,15.5122461],[120.8424869,15.5131381]]],"type":"Polygon"},"properties":{"city":"Aliaga","key":"La Purisima||Aliaga","name":"La Purisima","psgc":"304901010","sourceType":"barangay-map-search"},"type":"Feature"},{"geometry":{"coordinates":[[[120.8544781,15.4615637],[120.8539483,15.4689363],[120.8366069,15.4765201],[120.8315008,15.4756834],[120.8285359,15.469388],[120.8446923,15.4612796],[120.8544781,15.4615637]]],"type":"Polygon"},"properties":{"city":"Aliaga","key":"Macabucod||Aliaga","name":"Macabucod","psgc":"304901016","sourceType":"barangay-map-search"},"type":"Feature"},{"geometry":{"coordinates":[[[120.8318414,15.4904413],[120.8241489,15.497339],[120.8096873,15.4923577],[120.8028008,15.4800468],[120.8090218,15.4753298],[120.8318414,15.4904413]]],"type":"Polygon"},"properties":{"city":"Aliaga","key":"Magsaysay||Aliaga","name":"Magsaysay","psgc":"304901015","sourceType":"barangay-map-search"},"type":"Feature"},{"geometry":{"coordinates":[[[120.8536487,15.5118978],[120.8559627,15.5211986],[120.8502878,15.5309244],[120.8374119,15.5277926],[120.8424869,15.5131381],[120.8454627,15.5133473],[120.8536487,15.5118978]]],"type":"Polygon"},"properties":{"city":"Aliaga","key":"Pantoc||Aliaga","name":"Pantoc","psgc":"304901018","sourceType":"barangay-map-search"},"type":"Feature"},{"geometry":{"coordinates":[[[120.8454817,15.5008161],[120.8454627,15.5133473],[120.8424869,15.5131381],[120.8406321,15.5122461],[120.841941,15.5046551],[120.8422699,15.5001514],[120.843036,15.4977206],[120.8474865,15.4997801],[120.8454817,15.5008161]]],"type":"Polygon"},"properties":{"city":"Aliaga","key":"Poblacion Centro||Aliaga","name":"Poblacion Centro","psgc":"304901020","sourceType":"barangay-map-search"},"type":"Feature"},{"geometry":{"coordinates":[[[120.8536487,15.5118978],[120.8454627,15.5133473],[120.8454817,15.5008161],[120.8584632,15.5030143],[120.8579419,15.507544],[120.8536487,15.5118978]]],"type":"Polygon"},"properties":{"city":"Aliaga","key":"Poblacion East I||Aliaga","name":"Poblacion East I","psgc":"304901021","sourceType":"barangay-map-search"},"type":"Feature"},{"geometry":{"coordinates":[[[120.8584632,15.5030143],[120.8454817,15.5008161],[120.8474865,15.4997801],[120.8579596,15.5009759],[120.8584632,15.5030143]]],"type":"Polygon"},"properties":{"city":"Aliaga","key":"Poblacion East II||Aliaga","name":"Poblacion East II","psgc":"304901022","sourceType":"barangay-map-search"},"type":"Feature"},{"geometry":{"coordinates":[[[120.843036,15.4977206],[120.8422699,15.5001514],[120.8395013,15.4994407],[120.8367085,15.4929012],[120.8404527,15.4907071],[120.843036,15.4977206]]],"type":"Polygon"},"properties":{"city":"Aliaga","key":"Poblacion West III||Aliaga","name":"Poblacion West III","psgc":"304901023","sourceType":"barangay-map-search"},"type":"Feature"},{"geometry":{"coordinates":[[[120.8422699,15.5001514],[120.841941,15.5046551],[120.8395013,15.4994407],[120.8422699,15.5001514]]],"type":"Polygon"},"properties":{"city":"Aliaga","key":"Poblacion West IV||Aliaga","name":"Poblacion West IV","psgc":"304901024","sourceType":"barangay-map-search"},"type":"Feature"},{"geometry":{"coordinates":[[[120.9000231,15.5483544],[120.9012561,15.558558],[120.8933372,15.5581468],[120.8872411,15.5651662],[120.8745394,15.5605136],[120.876464,15.5536685],[120.8849992,15.5392754],[120.8897515,15.5352169],[120.9000231,15.5483544]]],"type":"Polygon"},"properties":{"city":"Aliaga","key":"San Carlos||Aliaga","name":"San Carlos","psgc":"304901027","sourceType":"barangay-map-search"},"type":"Feature"},{"geometry":{"coordinates":[[[120.8600858,15.492416],[120.8579596,15.5009759],[120.8474865,15.4997801],[120.843036,15.4977206],[120.8404527,15.4907071],[120.8412559,15.4862131],[120.8495983,15.4854617],[120.8600858,15.492416]]],"type":"Polygon"},"properties":{"city":"Aliaga","key":"San Emiliano||Aliaga","name":"San Emiliano","psgc":"304901028","sourceType":"barangay-map-search"},"type":"Feature"},{"geometry":{"coordinates":[[[120.8269055,15.5097417],[120.8200185,15.5212184],[120.80621,15.5073013],[120.8164844,15.5013261],[120.8269055,15.5097417]]],"type":"Polygon"},"properties":{"city":"Aliaga","key":"San Eustacio||Aliaga","name":"San Eustacio","psgc":"304901029","sourceType":"barangay-map-search"},"type":"Feature"},{"geometry":{"coordinates":[[[120.9248239,15.5132658],[120.917982,15.5064651],[120.9031458,15.491661],[120.886859,15.4936441],[120.8875807,15.4897329],[120.8909757,15.4752646],[120.9167063,15.4905184],[120.9139661,15.4969007],[120.9248239,15.5132658]]],"type":"Polygon"},"properties":{"city":"Aliaga","key":"San Felipe Bata||Aliaga","name":"San Felipe Bata","psgc":"304901030","sourceType":"barangay-map-search"},"type":"Feature"},{"geometry":{"coordinates":[[[120.917982,15.5064651],[120.9110124,15.5123684],[120.9011935,15.4991947],[120.8869561,15.4949848],[120.886859,15.4936441],[120.9031458,15.491661],[120.917982,15.5064651]]],"type":"Polygon"},"properties":{"city":"Aliaga","key":"San Felipe Matanda||Aliaga","name":"San Felipe Matanda","psgc":"304901031","sourceType":"barangay-map-search"},"type":"Feature"},{"geometry":{"coordinates":[[[120.9047841,15.5163479],[120.8914352,15.5191915],[120.8793764,15.5160261],[120.8810399,15.5046086],[120.8869561,15.4949848],[120.9011935,15.4991947],[120.9110124,15.5123684],[120.9047841,15.5163479]]],"type":"Polygon"},"properties":{"city":"Aliaga","key":"San Juan||Aliaga","name":"San Juan","psgc":"304901032","sourceType":"barangay-map-search"},"type":"Feature"},{"geometry":{"coordinates":[[[120.8685023,15.4869773],[120.8600858,15.492416],[120.8495983,15.4854617],[120.8609809,15.4824414],[120.8685023,15.4869773]]],"type":"Polygon"},"properties":{"city":"Aliaga","key":"San Pablo Bata||Aliaga","name":"San Pablo Bata","psgc":"304901033","sourceType":"barangay-map-search"},"type":"Feature"},{"geometry":{"coordinates":[[[120.8875807,15.4897329],[120.8685023,15.4869773],[120.8609809,15.4824414],[120.8610986,15.4741385],[120.8712117,15.4638394],[120.8806604,15.4630678],[120.8909757,15.4752646],[120.8875807,15.4897329]]],"type":"Polygon"},"properties":{"city":"Aliaga","key":"San Pablo Matanda||Aliaga","name":"San Pablo Matanda","psgc":"304901034","sourceType":"barangay-map-search"},"type":"Feature"},{"geometry":{"coordinates":[[[120.8164844,15.5013261],[120.80621,15.5073013],[120.7894139,15.4914452],[120.8028008,15.4800468],[120.8096873,15.4923577],[120.8241489,15.497339],[120.8164844,15.5013261]]],"type":"Polygon"},"properties":{"city":"Aliaga","key":"Santa Monica||Aliaga","name":"Santa Monica","psgc":"304901035","sourceType":"barangay-map-search"},"type":"Feature"},{"geometry":{"coordinates":[[[120.8367085,15.4929012],[120.8318414,15.4904413],[120.8090218,15.4753298],[120.8285359,15.469388],[120.8315008,15.4756834],[120.8412559,15.4862131],[120.8404527,15.4907071],[120.8367085,15.4929012]]],"type":"Polygon"},"properties":{"city":"Aliaga","key":"Santiago||Aliaga","name":"Santiago","psgc":"304901036","sourceType":"barangay-map-search"},"type":"Feature"},{"geometry":{"coordinates":[[[120.841941,15.5046551],[120.8406321,15.5122461],[120.8269055,15.5097417],[120.8164844,15.5013261],[120.8241489,15.497339],[120.8318414,15.4904413],[120.8367085,15.4929012],[120.8395013,15.4994407],[120.841941,15.5046551]]],"type":"Polygon"},"properties":{"city":"Aliaga","key":"Santo Rosario||Aliaga","name":"Santo Rosario","psgc":"304901038","sourceType":"barangay-map-search"},"type":"Feature"},{"geometry":{"coordinates":[[[120.8495983,15.4854617],[120.8412559,15.4862131],[120.8315008,15.4756834],[120.8366069,15.4765201],[120.8539483,15.4689363],[120.8544781,15.4615637],[120.8712117,15.4638394],[120.8610986,15.4741385],[120.8609809,15.4824414],[120.8495983,15.4854617]]],"type":"Polygon"},"properties":{"city":"Aliaga","key":"Santo Tomas||Aliaga","name":"Santo Tomas","psgc":"304901039","sourceType":"barangay-map-search"},"type":"Feature"},{"geometry":{"coordinates":[[[120.8897515,15.5352169],[120.8849992,15.5392754],[120.8773474,15.526561],[120.8841561,15.5203998],[120.8920222,15.5254686],[120.8897515,15.5352169]]],"type":"Polygon"},"properties":{"city":"Aliaga","key":"Sunson||Aliaga","name":"Sunson","psgc":"304901040","sourceType":"barangay-map-search"},"type":"Feature"},{"geometry":{"coordinates":[[[120.9248239,15.5132658],[120.9248828,15.520452],[120.9143476,15.5298317],[120.9047841,15.5163479],[120.9110124,15.5123684],[120.917982,15.5064651],[120.9248239,15.5132658]]],"type":"Polygon"},"properties":{"city":"Aliaga","key":"Umangan||Aliaga","name":"Umangan","psgc":"304901042","sourceType":"barangay-map-search"},"type":"Feature"},{"geometry":{"coordinates":[[[121.2470283,15.6317161],[121.2455464,15.641831],[121.2108503,15.6368479],[121.1935566,15.6349917],[121.1806125,15.6226477],[121.1856569,15.6040359],[121.1968866,15.60396],[121.2015632,15.6193335],[121.2120206,15.6284273],[121.2470283,15.6317161]]],"type":"Polygon"},"properties":{"city":"Bongabon","key":"Antipolo||Bongabon","name":"Antipolo","psgc":"304902001","sourceType":"barangay-map-search"},"type":"Feature"},{"geometry":{"coordinates":[[[121.2014968,15.6631613],[121.1913395,15.6871573],[121.1452882,15.673851],[121.1598409,15.66097],[121.1773941,15.661981],[121.2014968,15.6631613]]],"type":"Polygon"},"properties":{"city":"Bongabon","key":"Ariendo||Bongabon","name":"Ariendo","psgc":"304902002","sourceType":"barangay-map-search"},"type":"Feature"},{"geometry":{"coordinates":[[[121.2087419,15.603318],[121.2015632,15.6193335],[121.1968866,15.60396],[121.2087419,15.603318]]],"type":"Polygon"},"properties":{"city":"Bongabon","key":"Bantug||Bongabon","name":"Bantug","psgc":"304902003","sourceType":"barangay-map-search"},"type":"Feature"},{"geometry":{"coordinates":[[[121.2455464,15.641831],[121.2426033,15.6641989],[121.2014968,15.6631613],[121.2108503,15.6368479],[121.2455464,15.641831]]],"type":"Polygon"},"properties":{"city":"Bongabon","key":"Calaanan||Bongabon","name":"Calaanan","psgc":"304902004","sourceType":"barangay-map-search"},"type":"Feature"},{"geometry":{"coordinates":[[[121.1453614,15.6309154],[121.1447617,15.6326888],[121.1436235,15.6309953],[121.1434774,15.6308199],[121.1446433,15.6299613],[121.1453614,15.6309154]]],"type":"Polygon"},"properties":{"city":"Bongabon","key":"Commercial||Bongabon","name":"Commercial","psgc":"304902005","sourceType":"barangay-map-search"},"type":"Feature"},{"geometry":{"coordinates":[[[121.1610364,15.6239999],[121.1570865,15.6273698],[121.150262,15.6088111],[121.1501114,15.6020404],[121.1610364,15.6239999]]],"type":"Polygon"},"properties":{"city":"Bongabon","key":"Cruz||Bongabon","name":"Cruz","psgc":"304902006","sourceType":"barangay-map-search"},"type":"Feature"},{"geometry":{"coordinates":[[[121.150262,15.6088111],[121.1570865,15.6273698],[121.1539976,15.6266504],[121.147242,15.6226293],[121.1365457,15.6129038],[121.1346578,15.6091823],[121.150262,15.6088111]]],"type":"Polygon"},"properties":{"city":"Bongabon","key":"Curva||Bongabon","name":"Curva","psgc":"304902008","sourceType":"barangay-map-search"},"type":"Feature"},{"geometry":{"coordinates":[[[121.2207905,15.6925417],[121.1913395,15.6871573],[121.2014968,15.6631613],[121.2426033,15.6641989],[121.2452173,15.6769651],[121.2207905,15.6925417]]],"type":"Polygon"},"properties":{"city":"Bongabon","key":"Digmala||Bongabon","name":"Digmala","psgc":"304902007","sourceType":"barangay-map-search"},"type":"Feature"},{"geometry":{"coordinates":[[[121.1412683,15.6251874],[121.1391626,15.6266264],[121.1284597,15.6219915],[121.1326349,15.6127614],[121.1412683,15.6251874]]],"type":"Polygon"},"properties":{"city":"Bongabon","key":"Kaingin||Bongabon","name":"Kaingin","psgc":"304902009","sourceType":"barangay-map-search"},"type":"Feature"},{"geometry":{"coordinates":[[[121.236061,15.6032121],[121.3266157,15.6341593],[121.2847635,15.7544185],[121.2717104,15.7396882],[121.2266174,15.720923],[121.2207905,15.6925417],[121.2452173,15.6769651],[121.2426033,15.6641989],[121.2455464,15.641831],[121.2470283,15.6317161],[121.236061,15.6032121]]],"type":"Polygon"},"properties":{"city":"Bongabon","key":"Labi||Bongabon","name":"Labi","psgc":"304902010","sourceType":"barangay-map-search"},"type":"Feature"},{"geometry":{"coordinates":[[[121.1684758,15.6397461],[121.156012,15.6580765],[121.1468199,15.6517375],[121.1470693,15.64711],[121.1514787,15.6313893],[121.1539976,15.6266504],[121.1570865,15.6273698],[121.1610364,15.6239999],[121.1733523,15.6236058],[121.1684758,15.6397461]]],"type":"Polygon"},"properties":{"city":"Bongabon","key":"Larcon||Bongabon","name":"Larcon","psgc":"304902011","sourceType":"barangay-map-search"},"type":"Feature"},{"geometry":{"coordinates":[[[121.150262,15.6088111],[121.1346578,15.6091823],[121.1308955,15.5879364],[121.1540269,15.5911323],[121.1501114,15.6020404],[121.150262,15.6088111]]],"type":"Polygon"},"properties":{"city":"Bongabon","key":"Lusok||Bongabon","name":"Lusok","psgc":"304902012","sourceType":"barangay-map-search"},"type":"Feature"},{"geometry":{"coordinates":[[[121.1935566,15.6349917],[121.1755535,15.6430956],[121.1684758,15.6397461],[121.1733523,15.6236058],[121.1806125,15.6226477],[121.1935566,15.6349917]]],"type":"Polygon"},"properties":{"city":"Bongabon","key":"Macabaclay||Bongabon","name":"Macabaclay","psgc":"304902013","sourceType":"barangay-map-search"},"type":"Feature"},{"geometry":{"coordinates":[[[121.1514787,15.6313893],[121.1470693,15.64711],[121.1458954,15.6343019],[121.1503906,15.633467],[121.1514787,15.6313893]]],"type":"Polygon"},"properties":{"city":"Bongabon","key":"Magtanggol||Bongabon","name":"Magtanggol","psgc":"304902014","sourceType":"barangay-map-search"},"type":"Feature"},{"geometry":{"coordinates":[[[121.1447617,15.6326888],[121.1411927,15.635317],[121.1436235,15.6309953],[121.1447617,15.6326888]]],"type":"Polygon"},"properties":{"city":"Bongabon","key":"Mantile||Bongabon","name":"Mantile","psgc":"304902015","sourceType":"barangay-map-search"},"type":"Feature"},{"geometry":{"coordinates":[[[121.236061,15.6032121],[121.2470283,15.6317161],[121.2120206,15.6284273],[121.2015632,15.6193335],[121.2087419,15.603318],[121.236061,15.6032121]]],"type":"Polygon"},"properties":{"city":"Bongabon","key":"Olivete||Bongabon","name":"Olivete","psgc":"304902016","sourceType":"barangay-map-search"},"type":"Feature"},{"geometry":{"coordinates":[[[121.1470693,15.64711],[121.1468199,15.6517375],[121.1359843,15.6495229],[121.1411927,15.635317],[121.1447617,15.6326888],[121.1458954,15.6343019],[121.1470693,15.64711]]],"type":"Polygon"},"properties":{"city":"Bongabon","key":"Palo Maria||Bongabon","name":"Palo Maria","psgc":"304902017","sourceType":"barangay-map-search"},"type":"Feature"},{"geometry":{"coordinates":[[[121.2108503,15.6368479],[121.2014968,15.6631613],[121.1773941,15.661981],[121.1755535,15.6430956],[121.1935566,15.6349917],[121.2108503,15.6368479]]],"type":"Polygon"},"properties":{"city":"Bongabon","key":"Pesa||Bongabon","name":"Pesa","psgc":"304902018","sourceType":"barangay-map-search"},"type":"Feature"},{"geometry":{"coordinates":[[[121.1411927,15.635317],[121.1359843,15.6495229],[121.1265458,15.6442283],[121.1304049,15.6301056],[121.1395672,15.6285605],[121.1416295,15.6277102],[121.1434774,15.6308199],[121.1436235,15.6309953],[121.1411927,15.635317]]],"type":"Polygon"},"properties":{"city":"Bongabon","key":"Rizal||Bongabon","name":"Rizal","psgc":"304902020","sourceType":"barangay-map-search"},"type":"Feature"},{"geometry":{"coordinates":[[[121.1503906,15.633467],[121.1458954,15.6343019],[121.1447617,15.6326888],[121.1453614,15.6309154],[121.1503906,15.633467]]],"type":"Polygon"},"properties":{"city":"Bongabon","key":"Sampalucan||Bongabon","name":"Sampalucan","psgc":"304902021","sourceType":"barangay-map-search"},"type":"Feature"},{"geometry":{"coordinates":[[[121.1395672,15.6285605],[121.1304049,15.6301056],[121.1284597,15.6219915],[121.1391626,15.6266264],[121.1395672,15.6285605]]],"type":"Polygon"},"properties":{"city":"Bongabon","key":"San Roque||Bongabon","name":"San Roque","psgc":"304902022","sourceType":"barangay-map-search"},"type":"Feature"},{"geometry":{"coordinates":[[[121.1733523,15.6236058],[121.1610364,15.6239999],[121.1501114,15.6020404],[121.1540269,15.5911323],[121.1616205,15.6042318],[121.1856569,15.6040359],[121.1806125,15.6226477],[121.1733523,15.6236058]]],"type":"Polygon"},"properties":{"city":"Bongabon","key":"Santor||Bongabon","name":"Santor","psgc":"304902023","sourceType":"barangay-map-search"},"type":"Feature"},{"geometry":{"coordinates":[[[121.1514787,15.6313893],[121.1503906,15.633467],[121.1453614,15.6309154],[121.1446433,15.6299613],[121.1434562,15.6281404],[121.147242,15.6226293],[121.1539976,15.6266504],[121.1514787,15.6313893]]],"type":"Polygon"},"properties":{"city":"Bongabon","key":"Sinipit||Bongabon","name":"Sinipit","psgc":"304902024","sourceType":"barangay-map-search"},"type":"Feature"},{"geometry":{"coordinates":[[[121.1446433,15.6299613],[121.1434774,15.6308199],[121.1416295,15.6277102],[121.1427637,15.6270965],[121.1434562,15.6281404],[121.1446433,15.6299613]]],"type":"Polygon"},"properties":{"city":"Bongabon","key":"Sisilang na Ligaya||Bongabon","name":"Sisilang na Ligaya","psgc":"304902025","sourceType":"barangay-map-search"},"type":"Feature"},{"geometry":{"coordinates":[[[121.1416295,15.6277102],[121.1395672,15.6285605],[121.1391626,15.6266264],[121.1412683,15.6251874],[121.1427637,15.6270965],[121.1416295,15.6277102]]],"type":"Polygon"},"properties":{"city":"Bongabon","key":"Social||Bongabon","name":"Social","psgc":"304902026","sourceType":"barangay-map-search"},"type":"Feature"},{"geometry":{"coordinates":[[[121.1773941,15.661981],[121.1598409,15.66097],[121.156012,15.6580765],[121.1684758,15.6397461],[121.1755535,15.6430956],[121.1773941,15.661981]]],"type":"Polygon"},"properties":{"city":"Bongabon","key":"Tugatug||Bongabon","name":"Tugatug","psgc":"304902027","sourceType":"barangay-map-search"},"type":"Feature"},{"geometry":{"coordinates":[[[121.147242,15.6226293],[121.1434562,15.6281404],[121.1427637,15.6270965],[121.1412683,15.6251874],[121.1326349,15.6127614],[121.1365457,15.6129038],[121.147242,15.6226293]]],"type":"Polygon"},"properties":{"city":"Bongabon","key":"Tulay na Bato||Bongabon","name":"Tulay na Bato","psgc":"304902028","sourceType":"barangay-map-search"},"type":"Feature"},{"geometry":{"coordinates":[[[121.1598409,15.66097],[121.1452882,15.673851],[121.1252169,15.6603622],[121.1265458,15.6442283],[121.1359843,15.6495229],[121.1468199,15.6517375],[121.156012,15.6580765],[121.1598409,15.66097]]],"type":"Polygon"},"properties":{"city":"Bongabon","key":"Vega||Bongabon","name":"Vega","psgc":"304902029","sourceType":"barangay-map-search"},"type":"Feature"},{"geometry":{"coordinates":[[[120.8541697,15.2458164],[120.8529998,15.2465238],[120.8501183,15.2466326],[120.8486667,15.2455356],[120.8516223,15.243877],[120.8534299,15.2434843],[120.8535077,15.2451174],[120.8541697,15.2458164]]],"type":"Polygon"},"properties":{"city":"Cabiao","key":"Bagong Buhay||Cabiao","name":"Bagong Buhay","psgc":"304904001","sourceType":"barangay-map-search"},"type":"Feature"},{"geometry":{"coordinates":[[[120.8313121,15.251106],[120.8424185,15.2681837],[120.7744312,15.2761849],[120.7706106,15.2716377],[120.7732892,15.2579366],[120.7683541,15.2512083],[120.7760537,15.2393],[120.8054233,15.2385874],[120.8134864,15.2451607],[120.8212155,15.2416999],[120.8313121,15.251106]]],"type":"Polygon"},"properties":{"city":"Cabiao","key":"Bagong Sikat||Cabiao","name":"Bagong Sikat","psgc":"304904002","sourceType":"barangay-map-search"},"type":"Feature"},{"geometry":{"coordinates":[[[120.8522523,15.2588684],[120.8466475,15.2495955],[120.8508042,15.2513618],[120.8522523,15.2588684]]],"type":"Polygon"},"properties":{"city":"Cabiao","key":"Bagong Silang||Cabiao","name":"Bagong Silang","psgc":"304904003","sourceType":"barangay-map-search"},"type":"Feature"},{"geometry":{"coordinates":[[[120.829974,15.2310538],[120.8283633,15.2317454],[120.8197064,15.2247795],[120.832822,15.2024522],[120.8381835,15.2015537],[120.8472506,15.1864294],[120.8479168,15.2038372],[120.8524946,15.2169012],[120.848211,15.2210194],[120.8348139,15.2250857],[120.829974,15.2310538]]],"type":"Polygon"},"properties":{"city":"Cabiao","key":"Concepcion||Cabiao","name":"Concepcion","psgc":"304904004","sourceType":"barangay-map-search"},"type":"Feature"},{"geometry":{"coordinates":[[[120.8780955,15.2782186],[120.86308,15.2931832],[120.8511314,15.2833925],[120.8559374,15.2749596],[120.8653169,15.283857],[120.8725686,15.273232],[120.8780955,15.2782186]]],"type":"Polygon"},"properties":{"city":"Cabiao","key":"Entablado||Cabiao","name":"Entablado","psgc":"304904005","sourceType":"barangay-map-search"},"type":"Feature"},{"geometry":{"coordinates":[[[120.8660781,15.2441415],[120.8613008,15.2546424],[120.8594974,15.2496417],[120.8583059,15.2465742],[120.8660781,15.2441415]]],"type":"Polygon"},"properties":{"city":"Cabiao","key":"Maligaya||Cabiao","name":"Maligaya","psgc":"304904006","sourceType":"barangay-map-search"},"type":"Feature"},{"geometry":{"coordinates":[[[120.8596001,15.253234],[120.8594517,15.2533108],[120.8549068,15.251216],[120.8581536,15.25067],[120.8596001,15.253234]]],"type":"Polygon"},"properties":{"city":"Cabiao","key":"Natividad North||Cabiao","name":"Natividad North","psgc":"304904008","sourceType":"barangay-map-search"},"type":"Feature"},{"geometry":{"coordinates":[[[120.8581536,15.25067],[120.8549068,15.251216],[120.8538184,15.2483838],[120.8552302,15.2461173],[120.8568659,15.2469982],[120.8579555,15.2502804],[120.8581536,15.25067]]],"type":"Polygon"},"properties":{"city":"Cabiao","key":"Natividad South||Cabiao","name":"Natividad South","psgc":"304904009","sourceType":"barangay-map-search"},"type":"Feature"},{"geometry":{"coordinates":[[[120.8553142,15.2586688],[120.8522523,15.2588684],[120.8508042,15.2513618],[120.8549068,15.251216],[120.8594517,15.2533108],[120.8553142,15.2586688]]],"type":"Polygon"},"properties":{"city":"Cabiao","key":"Palasinan||Cabiao","name":"Palasinan","psgc":"304904010","sourceType":"barangay-map-search"},"type":"Feature"},{"geometry":{"coordinates":[[[120.8549068,15.251216],[120.8508042,15.2513618],[120.8538184,15.2483838],[120.8549068,15.251216]]],"type":"Polygon"},"properties":{"city":"Cabiao","key":"Polilio||Cabiao","name":"Polilio","psgc":"304904023","sourceType":"barangay-map-search"},"type":"Feature"},{"geometry":{"coordinates":[[[120.8508042,15.2513618],[120.8466475,15.2495955],[120.8462587,15.2461482],[120.8482745,15.2436281],[120.8486667,15.2455356],[120.8541697,15.2458164],[120.8552302,15.2461173],[120.8538184,15.2483838],[120.8508042,15.2513618]]],"type":"Polygon"},"properties":{"city":"Cabiao","key":"San Antonio||Cabiao","name":"San Antonio","psgc":"304904012","sourceType":"barangay-map-search"},"type":"Feature"},{"geometry":{"coordinates":[[[120.8462587,15.2461482],[120.8313121,15.251106],[120.8212155,15.2416999],[120.8283633,15.2317454],[120.829974,15.2310538],[120.8481267,15.2410994],[120.8482745,15.2436281],[120.8462587,15.2461482]]],"type":"Polygon"},"properties":{"city":"Cabiao","key":"San Carlos||Cabiao","name":"San Carlos","psgc":"304904024","sourceType":"barangay-map-search"},"type":"Feature"},{"geometry":{"coordinates":[[[120.8984398,15.2668842],[120.9045128,15.2765577],[120.8925122,15.2851731],[120.8780955,15.2782186],[120.8725686,15.273232],[120.8685098,15.2691912],[120.8757196,15.2665961],[120.8984398,15.2668842]]],"type":"Polygon"},"properties":{"city":"Cabiao","key":"San Fernando Norte||Cabiao","name":"San Fernando Norte","psgc":"304904013","sourceType":"barangay-map-search"},"type":"Feature"},{"geometry":{"coordinates":[[[120.8984398,15.2668842],[120.8757196,15.2665961],[120.8685098,15.2691912],[120.8585691,15.2588321],[120.860775,15.2548352],[120.8613008,15.2546424],[120.8660781,15.2441415],[120.862395,15.239499],[120.8879907,15.2389651],[120.8975783,15.2360957],[120.9022686,15.2399428],[120.8960114,15.2525509],[120.8984398,15.2668842]]],"type":"Polygon"},"properties":{"city":"Cabiao","key":"San Fernando Sur||Cabiao","name":"San Fernando Sur","psgc":"304904014","sourceType":"barangay-map-search"},"type":"Feature"},{"geometry":{"coordinates":[[[120.860775,15.2548352],[120.8585691,15.2588321],[120.8553142,15.2586688],[120.8594517,15.2533108],[120.8596001,15.253234],[120.860775,15.2548352]]],"type":"Polygon"},"properties":{"city":"Cabiao","key":"San Gregorio||Cabiao","name":"San Gregorio","psgc":"304904015","sourceType":"barangay-map-search"},"type":"Feature"},{"geometry":{"coordinates":[[[120.8613008,15.2546424],[120.860775,15.2548352],[120.8596001,15.253234],[120.8581536,15.25067],[120.8579555,15.2502804],[120.8594974,15.2496417],[120.8613008,15.2546424]]],"type":"Polygon"},"properties":{"city":"Cabiao","key":"San Juan North||Cabiao","name":"San Juan North","psgc":"304904016","sourceType":"barangay-map-search"},"type":"Feature"},{"geometry":{"coordinates":[[[120.8594974,15.2496417],[120.8579555,15.2502804],[120.8568659,15.2469982],[120.8583059,15.2465742],[120.8594974,15.2496417]]],"type":"Polygon"},"properties":{"city":"Cabiao","key":"San Juan South||Cabiao","name":"San Juan South","psgc":"304904017","sourceType":"barangay-map-search"},"type":"Feature"},{"geometry":{"coordinates":[[[120.8583059,15.2465742],[120.8568659,15.2469982],[120.8552302,15.2461173],[120.8541697,15.2458164],[120.8486667,15.2455356],[120.8482745,15.2436281],[120.8481267,15.2410994],[120.8546631,15.2380835],[120.862395,15.239499],[120.8660781,15.2441415],[120.8583059,15.2465742]]],"type":"Polygon"},"properties":{"city":"Cabiao","key":"San Roque||Cabiao","name":"San Roque","psgc":"304904019","sourceType":"barangay-map-search"},"type":"Feature"},{"geometry":{"coordinates":[[[120.8197064,15.2247795],[120.8058751,15.2278204],[120.7990349,15.2127974],[120.8097651,15.2118046],[120.832822,15.2024522],[120.8197064,15.2247795]]],"type":"Polygon"},"properties":{"city":"Cabiao","key":"San Vicente||Cabiao","name":"San Vicente","psgc":"304904020","sourceType":"barangay-map-search"},"type":"Feature"},{"geometry":{"coordinates":[[[120.8975783,15.2360957],[120.8879907,15.2389651],[120.862395,15.239499],[120.8546631,15.2380835],[120.8558221,15.2279958],[120.8916377,15.2253045],[120.8975783,15.2360957]]],"type":"Polygon"},"properties":{"city":"Cabiao","key":"Santa Ines||Cabiao","name":"Santa Ines","psgc":"304904026","sourceType":"barangay-map-search"},"type":"Feature"},{"geometry":{"coordinates":[[[120.8212155,15.2416999],[120.8134864,15.2451607],[120.8054233,15.2385874],[120.7760537,15.2393],[120.7803256,15.2316244],[120.7766992,15.2229663],[120.790153,15.2128539],[120.7990349,15.2127974],[120.8058751,15.2278204],[120.8197064,15.2247795],[120.8283633,15.2317454],[120.8212155,15.2416999]]],"type":"Polygon"},"properties":{"city":"Cabiao","key":"Santa Isabel||Cabiao","name":"Santa Isabel","psgc":"304904025","sourceType":"barangay-map-search"},"type":"Feature"},{"geometry":{"coordinates":[[[120.8546631,15.2380835],[120.8481267,15.2410994],[120.829974,15.2310538],[120.8348139,15.2250857],[120.848211,15.2210194],[120.8558221,15.2279958],[120.8546631,15.2380835]]],"type":"Polygon"},"properties":{"city":"Cabiao","key":"Santa Rita||Cabiao","name":"Santa Rita","psgc":"304904021","sourceType":"barangay-map-search"},"type":"Feature"},{"geometry":{"coordinates":[[[120.8916377,15.2253045],[120.8558221,15.2279958],[120.848211,15.2210194],[120.8524946,15.2169012],[120.8479168,15.2038372],[120.8472506,15.1864294],[120.8642457,15.1796524],[120.8903122,15.1852347],[120.9013171,15.1989616],[120.9039089,15.2198615],[120.8916377,15.2253045]]],"type":"Polygon"},"properties":{"city":"Cabiao","key":"Sinipit||Cabiao","name":"Sinipit","psgc":"304904022","sourceType":"barangay-map-search"},"type":"Feature"},{"geometry":{"coordinates":[[[121.0709246,15.9785308],[121.0571439,15.9832892],[121.0524746,15.9739735],[121.0608222,15.9637663],[121.0709246,15.9785308]]],"type":"Polygon"},"properties":{"city":"Carranglan","key":"Bantug||Carranglan","name":"Bantug","psgc":"304905002","sourceType":"barangay-map-search"},"type":"Feature"},{"geometry":{"coordinates":[[[121.0486807,16.0661695],[121.0406731,16.0730969],[121.0427017,16.0848207],[121.0381875,16.1000624],[121.0325699,16.1026596],[121.0371074,16.1383044],[120.9987737,16.1365113],[121.0098195,16.1102058],[120.9969204,16.082931],[120.9876031,16.0627652],[120.9932754,16.0305572],[121.0047997,16.0183824],[121.0112398,15.9998916],[121.0157593,16.0021684],[121.037102,15.9898141],[121.0387634,15.9836069],[121.0524746,15.9739735],[121.0571439,15.9832892],[121.0504621,16.0078828],[121.0488832,16.0188961],[121.0486807,16.0661695]]],"type":"Polygon"},"properties":{"city":"Carranglan","key":"Bunga||Carranglan","name":"Bunga","psgc":"304905004","sourceType":"barangay-map-search"},"type":"Feature"},{"geometry":{"coordinates":[[[121.190619,16.0123477],[121.185045,16.071748],[121.1742492,16.0901089],[121.1666272,16.0929698],[121.0486807,16.0661695],[121.0488832,16.0188961],[121.0504621,16.0078828],[121.0863284,15.9978048],[121.0941067,16.0045371],[121.1327103,16.0025984],[121.190619,16.0123477]]],"type":"Polygon"},"properties":{"city":"Carranglan","key":"Burgos||Carranglan","name":"Burgos","psgc":"304905005","sourceType":"barangay-map-search"},"type":"Feature"},{"geometry":{"coordinates":[[[120.9969204,16.082931],[121.0098195,16.1102058],[120.9987737,16.1365113],[120.9878935,16.125825],[120.9588808,16.1320383],[120.9400323,16.1336009],[120.9164976,16.1312441],[120.8704465,16.1188702],[120.8744651,16.0935155],[120.8805402,16.0765799],[120.9409831,16.0828261],[120.9969204,16.082931]]],"type":"Polygon"},"properties":{"city":"Carranglan","key":"Capintalan||Carranglan","name":"Capintalan","psgc":"304905007","sourceType":"barangay-map-search"},"type":"Feature"},{"geometry":{"coordinates":[[[121.0638319,15.9604346],[121.0594445,15.9618215],[121.0577286,15.9521282],[121.0640888,15.9428144],[121.0638319,15.9604346]]],"type":"Polygon"},"properties":{"city":"Carranglan","key":"D. L. Maglanoc Pob.||Carranglan","name":"D. L. Maglanoc Pob.","psgc":"304905054","sourceType":"barangay-map-search"},"type":"Feature"},{"geometry":{"coordinates":[[[121.0638319,15.9604346],[121.0722776,15.9785474],[121.0709246,15.9785308],[121.0608222,15.9637663],[121.0594445,15.9618215],[121.0638319,15.9604346]]],"type":"Polygon"},"properties":{"city":"Carranglan","key":"F. C. Otic Pob.||Carranglan","name":"F. C. Otic Pob.","psgc":"304905053","sourceType":"barangay-map-search"},"type":"Feature"},{"geometry":{"coordinates":[[[121.0753677,15.9576329],[121.0638319,15.9604346],[121.0640888,15.9428144],[121.0702297,15.9405346],[121.0753677,15.9576329]]],"type":"Polygon"},"properties":{"city":"Carranglan","key":"G. S. Rosario Pob.||Carranglan","name":"G. S. Rosario Pob.","psgc":"304905055","sourceType":"barangay-map-search"},"type":"Feature"},{"geometry":{"coordinates":[[[121.0906259,15.9352632],[121.0962277,15.9220083],[121.1043954,15.9180787],[121.1264629,15.9267817],[121.1610664,15.9737177],[121.1896713,15.9771047],[121.1921057,15.9976339],[121.1400216,15.9936375],[121.1050402,15.9830128],[121.0780609,15.978519],[121.0753677,15.9576329],[121.0702297,15.9405346],[121.0906259,15.9352632]]],"type":"Polygon"},"properties":{"city":"Carranglan","key":"General Luna||Carranglan","name":"General Luna","psgc":"304905020","sourceType":"barangay-map-search"},"type":"Feature"},{"geometry":{"coordinates":[[[121.0370395,15.943792],[121.0269389,15.9659065],[121.019303,15.9717376],[121.0099797,15.9949519],[120.9976784,15.9764739],[120.973525,15.9659849],[120.9205294,15.9663182],[120.9051476,15.9232116],[120.9551891,15.9229843],[120.988996,15.9328944],[121.0370395,15.943792]]],"type":"Polygon"},"properties":{"city":"Carranglan","key":"Joson||Carranglan","name":"Joson","psgc":"304905015","sourceType":"barangay-map-search"},"type":"Feature"},{"geometry":{"coordinates":[[[120.9876031,16.0627652],[120.9969204,16.082931],[120.9409831,16.0828261],[120.8805402,16.0765799],[120.8933578,16.0480421],[120.9500866,16.0598195],[120.9876031,16.0627652]]],"type":"Polygon"},"properties":{"city":"Carranglan","key":"Minuli||Carranglan","name":"Minuli","psgc":"304905030","sourceType":"barangay-map-search"},"type":"Feature"},{"geometry":{"coordinates":[[[121.0112398,15.9998916],[121.0047997,16.0183824],[120.9932754,16.0305572],[120.9044663,16.0100588],[120.9184262,15.9837904],[120.9205294,15.9663182],[120.973525,15.9659849],[120.9976784,15.9764739],[121.0099797,15.9949519],[121.0112398,15.9998916]]],"type":"Polygon"},"properties":{"city":"Carranglan","key":"Piut||Carranglan","name":"Piut","psgc":"304905041","sourceType":"barangay-map-search"},"type":"Feature"},{"geometry":{"coordinates":[[[121.0364561,15.8738855],[121.0370395,15.943792],[120.988996,15.9328944],[120.9551891,15.9229843],[120.9051476,15.9232116],[120.9306169,15.9108924],[120.9473369,15.8962464],[120.9704086,15.8627362],[121.005444,15.8613736],[121.0364561,15.8738855]]],"type":"Polygon"},"properties":{"city":"Carranglan","key":"Puncan||Carranglan","name":"Puncan","psgc":"304905045","sourceType":"barangay-map-search"},"type":"Feature"},{"geometry":{"coordinates":[[[120.9932754,16.0305572],[120.9876031,16.0627652],[120.9500866,16.0598195],[120.8933578,16.0480421],[120.9056526,16.0282594],[120.9044663,16.0100588],[120.9932754,16.0305572]]],"type":"Polygon"},"properties":{"city":"Carranglan","key":"Putlan||Carranglan","name":"Putlan","psgc":"304905046","sourceType":"barangay-map-search"},"type":"Feature"},{"geometry":{"coordinates":[[[121.0524746,15.9739735],[121.0387634,15.9836069],[121.037102,15.9898141],[121.0157593,16.0021684],[121.0112398,15.9998916],[121.0099797,15.9949519],[121.019303,15.9717376],[121.0269389,15.9659065],[121.0370395,15.943792],[121.0364561,15.8738855],[121.0504846,15.896553],[121.1009101,15.9166037],[121.0948134,15.9212749],[121.0906259,15.9352632],[121.0702297,15.9405346],[121.0640888,15.9428144],[121.0577286,15.9521282],[121.0594445,15.9618215],[121.0608222,15.9637663],[121.0524746,15.9739735]]],"type":"Polygon"},"properties":{"city":"Carranglan","key":"R.A.Padilla||Carranglan","name":"R.A.Padilla","psgc":"304905001","sourceType":"barangay-map-search"},"type":"Feature"},{"geometry":{"coordinates":[[[121.1666272,16.0929698],[121.1195334,16.1133442],[121.0878713,16.1139994],[121.0633084,16.1320686],[121.0371074,16.1383044],[121.0325699,16.1026596],[121.0381875,16.1000624],[121.0427017,16.0848207],[121.0406731,16.0730969],[121.0486807,16.0661695],[121.1666272,16.0929698]]],"type":"Polygon"},"properties":{"city":"Carranglan","key":"Salazar||Carranglan","name":"Salazar","psgc":"304905047","sourceType":"barangay-map-search"},"type":"Feature"},{"geometry":{"coordinates":[[[121.1921057,15.9976339],[121.190619,16.0123477],[121.1327103,16.0025984],[121.0941067,16.0045371],[121.0863284,15.9978048],[121.0504621,16.0078828],[121.0571439,15.9832892],[121.0709246,15.9785308],[121.0722776,15.9785474],[121.0780609,15.978519],[121.1050402,15.9830128],[121.1400216,15.9936375],[121.1921057,15.9976339]]],"type":"Polygon"},"properties":{"city":"Carranglan","key":"San Agustin||Carranglan","name":"San Agustin","psgc":"304905048","sourceType":"barangay-map-search"},"type":"Feature"},{"geometry":{"coordinates":[[[121.0780609,15.978519],[121.0722776,15.9785474],[121.0638319,15.9604346],[121.0753677,15.9576329],[121.0780609,15.978519]]],"type":"Polygon"},"properties":{"city":"Carranglan","key":"T. L. Padilla Pob.||Carranglan","name":"T. L. Padilla Pob.","psgc":"304905052","sourceType":"barangay-map-search"},"type":"Feature"},{"geometry":{"coordinates":[[[120.9649135,15.5031971],[120.9572753,15.5022523],[120.9516986,15.4964],[120.961941,15.4937279],[120.9675389,15.496861],[120.9649135,15.5031971]]],"type":"Polygon"},"properties":{"city":"City of Cabanatuan","key":"Aduas Centro||City of Cabanatuan","name":"Aduas Centro","psgc":"304903002","sourceType":"barangay-map-search"},"type":"Feature"},{"geometry":{"coordinates":[[[120.9668437,15.5033585],[120.9649135,15.5031971],[120.9675389,15.496861],[120.9703164,15.4931519],[120.9714967,15.4954059],[120.9718566,15.4960126],[120.9748939,15.5010315],[120.9668437,15.5033585]]],"type":"Polygon"},"properties":{"city":"City of Cabanatuan","key":"Aduas Norte||City of Cabanatuan","name":"Aduas Norte","psgc":"304903090","sourceType":"barangay-map-search"},"type":"Feature"},{"geometry":{"coordinates":[[[120.9703164,15.4931519],[120.9675389,15.496861],[120.961941,15.4937279],[120.9623267,15.4913381],[120.9636586,15.4906334],[120.9661371,15.4913132],[120.9703164,15.4931519]]],"type":"Polygon"},"properties":{"city":"City of Cabanatuan","key":"Aduas Sur||City of Cabanatuan","name":"Aduas Sur","psgc":"304903091","sourceType":"barangay-map-search"},"type":"Feature"},{"geometry":{"coordinates":[[[121.0680591,15.5053118],[121.0578052,15.5119875],[121.0528499,15.5119632],[121.0503144,15.4967074],[121.0592797,15.4915295],[121.0697333,15.5035052],[121.0680591,15.5053118]]],"type":"Polygon"},"properties":{"city":"City of Cabanatuan","key":"Bagong Buhay||City of Cabanatuan","name":"Bagong Buhay","psgc":"304903005","sourceType":"barangay-map-search"},"type":"Feature"},{"geometry":{"coordinates":[[[121.0312731,15.5266008],[121.0194328,15.5336615],[121.0120151,15.5354384],[121.0065484,15.5274189],[121.0089925,15.5208932],[121.0143738,15.517533],[121.0235928,15.5203683],[121.0350399,15.5196832],[121.0312731,15.5266008]]],"type":"Polygon"},"properties":{"city":"City of Cabanatuan","key":"Bagong Sikat||City of Cabanatuan","name":"Bagong Sikat","psgc":"304903003","sourceType":"barangay-map-search"},"type":"Feature"},{"geometry":{"coordinates":[[[121.0350399,15.5196832],[121.0235928,15.5203683],[121.0143738,15.517533],[121.0151701,15.5026935],[121.0231965,15.5017855],[121.0351198,15.5130416],[121.0430378,15.5153047],[121.0350399,15.5196832]]],"type":"Polygon"},"properties":{"city":"City of Cabanatuan","key":"Bakero||City of Cabanatuan","name":"Bakero","psgc":"304903006","sourceType":"barangay-map-search"},"type":"Feature"},{"geometry":{"coordinates":[[[121.0409466,15.4794846],[121.0225988,15.4818834],[121.0068259,15.4725147],[120.9999998,15.4600973],[121.0059065,15.4526615],[121.011707,15.4458802],[121.0242182,15.4439864],[121.0482066,15.4538011],[121.0409466,15.4794846]]],"type":"Polygon"},"properties":{"city":"City of Cabanatuan","key":"Bakod Bayan||City of Cabanatuan","name":"Bakod Bayan","psgc":"304903007","sourceType":"barangay-map-search"},"type":"Feature"},{"geometry":{"coordinates":[[[120.9963486,15.5419191],[120.9817096,15.5434003],[120.9814315,15.5530431],[120.9760439,15.5578037],[120.9690509,15.5472578],[120.9684379,15.5435174],[120.9764232,15.5318047],[120.9696957,15.5191329],[120.9771477,15.5195129],[120.9911439,15.5277882],[120.9963486,15.5419191]]],"type":"Polygon"},"properties":{"city":"City of Cabanatuan","key":"Balite||City of Cabanatuan","name":"Balite","psgc":"304903008","sourceType":"barangay-map-search"},"type":"Feature"},{"geometry":{"coordinates":[[[121.0406321,15.4976923],[121.0351198,15.5130416],[121.0231965,15.5017855],[121.0151701,15.5026935],[121.0146328,15.5024893],[121.0164549,15.4920794],[121.0148867,15.4843574],[121.0225988,15.4818834],[121.0226208,15.4908642],[121.0406321,15.4976923]]],"type":"Polygon"},"properties":{"city":"City of Cabanatuan","key":"Bangad||City of Cabanatuan","name":"Bangad","psgc":"304903009","sourceType":"barangay-map-search"},"type":"Feature"},{"geometry":{"coordinates":[[[120.9773561,15.4921548],[120.9755379,15.4922586],[120.9754472,15.4917465],[120.9750375,15.4894982],[120.9811078,15.4884427],[120.9773561,15.4921548]]],"type":"Polygon"},"properties":{"city":"City of Cabanatuan","key":"Bantug Bulalo||City of Cabanatuan","name":"Bantug Bulalo","psgc":"304903010","sourceType":"barangay-map-search"},"type":"Feature"},{"geometry":{"coordinates":[[[120.9908634,15.4974809],[120.9771294,15.4940426],[120.9773561,15.4921548],[120.9811078,15.4884427],[120.9846508,15.4864266],[120.9923616,15.4940046],[120.9908634,15.4974809]]],"type":"Polygon"},"properties":{"city":"City of Cabanatuan","key":"Bantug Norte||City of Cabanatuan","name":"Bantug Norte","psgc":"304903011","sourceType":"barangay-map-search"},"type":"Feature"},{"geometry":{"coordinates":[[[120.9690202,15.5189007],[120.9646832,15.5300911],[120.9675592,15.5383068],[120.9604566,15.536024],[120.9589867,15.5308574],[120.9585801,15.5203116],[120.9594495,15.5146383],[120.9662787,15.5162938],[120.9690202,15.5189007]]],"type":"Polygon"},"properties":{"city":"City of Cabanatuan","key":"Barlis||City of Cabanatuan","name":"Barlis","psgc":"304903012","sourceType":"barangay-map-search"},"type":"Feature"},{"geometry":{"coordinates":[[[120.9677343,15.4822238],[120.9675373,15.4841813],[120.9671494,15.4840423],[120.9641174,15.4829131],[120.9638241,15.4828137],[120.9645487,15.480116],[120.967217,15.4734189],[120.9700586,15.4733055],[120.9677343,15.4822238]]],"type":"Polygon"},"properties":{"city":"City of Cabanatuan","key":"Barrera District||City of Cabanatuan","name":"Barrera District","psgc":"304903013","sourceType":"barangay-map-search"},"type":"Feature"},{"geometry":{"coordinates":[[[120.9638241,15.4828137],[120.9615805,15.4844109],[120.9613231,15.4843138],[120.960371,15.4808258],[120.9624213,15.4779909],[120.9645487,15.480116],[120.9638241,15.4828137]]],"type":"Polygon"},"properties":{"city":"City of Cabanatuan","key":"Bernardo District||City of Cabanatuan","name":"Bernardo District","psgc":"304903015","sourceType":"barangay-map-search"},"type":"Feature"},{"geometry":{"coordinates":[[[120.998446,15.5021386],[120.9786282,15.5041027],[120.9748939,15.5010315],[120.9718566,15.4960126],[120.9771294,15.4940426],[120.9908634,15.4974809],[120.998446,15.5021386]]],"type":"Polygon"},"properties":{"city":"City of Cabanatuan","key":"Bitas||City of Cabanatuan","name":"Bitas","psgc":"304903016","sourceType":"barangay-map-search"},"type":"Feature"},{"geometry":{"coordinates":[[[120.9586369,15.4878002],[120.9583906,15.4885117],[120.9539818,15.4864747],[120.954574,15.485131],[120.9582528,15.4860035],[120.9586369,15.4878002]]],"type":"Polygon"},"properties":{"city":"City of Cabanatuan","key":"Bonifacio District||City of Cabanatuan","name":"Bonifacio District","psgc":"304903017","sourceType":"barangay-map-search"},"type":"Feature"},{"geometry":{"coordinates":[[[120.9690509,15.5472578],[120.9575605,15.5561076],[120.9457185,15.54455],[120.9604566,15.536024],[120.9675592,15.5383068],[120.9684379,15.5435174],[120.9690509,15.5472578]]],"type":"Polygon"},"properties":{"city":"City of Cabanatuan","key":"Buliran||City of Cabanatuan","name":"Buliran","psgc":"304903018","sourceType":"barangay-map-search"},"type":"Feature"},{"geometry":{"coordinates":[[[120.9446644,15.5319598],[120.9423564,15.5348371],[120.9340115,15.5301647],[120.9248828,15.520452],[120.9243232,15.5115184],[120.9198466,15.5066393],[120.9267181,15.5008395],[120.9367644,15.5030808],[120.9447457,15.5052325],[120.9405862,15.5281443],[120.9446644,15.5319598]]],"type":"Polygon"},"properties":{"city":"City of Cabanatuan","key":"Caalibangbangan||City of Cabanatuan","name":"Caalibangbangan","psgc":"304903019","sourceType":"barangay-map-search"},"type":"Feature"},{"geometry":{"coordinates":[[[121.074328,15.5223969],[121.0678736,15.526709],[121.0608273,15.5240405],[121.0539048,15.5281934],[121.0437264,15.5160555],[121.0528499,15.5119632],[121.0578052,15.5119875],[121.0680591,15.5053118],[121.074328,15.5223969]]],"type":"Polygon"},"properties":{"city":"City of Cabanatuan","key":"Cabu||City of Cabanatuan","name":"Cabu","psgc":"304903020","sourceType":"barangay-map-search"},"type":"Feature"},{"geometry":{"coordinates":[[[121.0432413,15.5349948],[121.032834,15.5420599],[121.0269174,15.5373857],[121.0191683,15.5418242],[121.0117687,15.5401378],[121.0120151,15.5354384],[121.0194328,15.5336615],[121.0312731,15.5266008],[121.0369683,15.5331132],[121.0432413,15.5349948]]],"type":"Polygon"},"properties":{"city":"City of Cabanatuan","key":"Calawagan||City of Cabanatuan","name":"Calawagan","psgc":"304903040","sourceType":"barangay-map-search"},"type":"Feature"},{"geometry":{"coordinates":[[[121.0426547,15.484476],[121.0406321,15.4976923],[121.0226208,15.4908642],[121.0225988,15.4818834],[121.0409466,15.4794846],[121.0426547,15.484476]]],"type":"Polygon"},"properties":{"city":"City of Cabanatuan","key":"Campo Tinio||City of Cabanatuan","name":"Campo Tinio","psgc":"304903022","sourceType":"barangay-map-search"},"type":"Feature"},{"geometry":{"coordinates":[[[120.9735364,15.4791769],[120.9719582,15.4836709],[120.969396,15.4819689],[120.9731861,15.4791024],[120.9735364,15.4791769]]],"type":"Polygon"},"properties":{"city":"City of Cabanatuan","key":"Caridad||City of Cabanatuan","name":"Caridad","psgc":"304903096","sourceType":"barangay-map-search"},"type":"Feature"},{"geometry":{"coordinates":[[[120.9499,15.4881789],[120.9495992,15.4952704],[120.9391677,15.4931248],[120.9350322,15.478429],[120.9374223,15.4710614],[120.9378801,15.4665558],[120.946467,15.4786067],[120.9499,15.4881789]]],"type":"Polygon"},"properties":{"city":"City of Cabanatuan","key":"Caudillo||City of Cabanatuan","name":"Caudillo","psgc":"304903026","sourceType":"barangay-map-search"},"type":"Feature"},{"geometry":{"coordinates":[[[120.9267181,15.5008395],[120.9198466,15.5066393],[120.9139661,15.4969007],[120.9167063,15.4905184],[120.9214867,15.4922708],[120.9267181,15.5008395]]],"type":"Polygon"},"properties":{"city":"City of Cabanatuan","key":"Cinco-Cinco||City of Cabanatuan","name":"Cinco-Cinco","psgc":"304903024","sourceType":"barangay-map-search"},"type":"Feature"},{"geometry":{"coordinates":[[[120.964281,15.4873292],[120.9641286,15.4893594],[120.9632726,15.4890711],[120.9619542,15.4885837],[120.9623042,15.4876944],[120.9626844,15.4866884],[120.9635719,15.4870423],[120.964281,15.4873292]]],"type":"Polygon"},"properties":{"city":"City of Cabanatuan","key":"City Supermarket||City of Cabanatuan","name":"City Supermarket","psgc":"304903025","sourceType":"barangay-map-search"},"type":"Feature"},{"geometry":{"coordinates":[[[121.0539048,15.5281934],[121.0478272,15.5364324],[121.0432413,15.5349948],[121.0369683,15.5331132],[121.0312731,15.5266008],[121.0350399,15.5196832],[121.0430378,15.5153047],[121.0437264,15.5160555],[121.0539048,15.5281934]]],"type":"Polygon"},"properties":{"city":"City of Cabanatuan","key":"Communal||City of Cabanatuan","name":"Communal","psgc":"304903027","sourceType":"barangay-map-search"},"type":"Feature"},{"geometry":{"coordinates":[[[120.997544,15.5180097],[120.9911439,15.5277882],[120.9771477,15.5195129],[120.980287,15.5119255],[120.9786282,15.5041027],[120.998446,15.5021386],[121.0023192,15.5065133],[120.997425,15.5084366],[120.997544,15.5180097]]],"type":"Polygon"},"properties":{"city":"City of Cabanatuan","key":"Cruz Roja||City of Cabanatuan","name":"Cruz Roja","psgc":"304903028","sourceType":"barangay-map-search"},"type":"Feature"},{"geometry":{"coordinates":[[[120.9786282,15.5041027],[120.980287,15.5119255],[120.9771477,15.5195129],[120.9696957,15.5191329],[120.9690202,15.5189007],[120.9662787,15.5162938],[120.9668437,15.5033585],[120.9748939,15.5010315],[120.9786282,15.5041027]]],"type":"Polygon"},"properties":{"city":"City of Cabanatuan","key":"Daang Sarile||City of Cabanatuan","name":"Daang Sarile","psgc":"304903029","sourceType":"barangay-map-search"},"type":"Feature"},{"geometry":{"coordinates":[[[120.9604566,15.536024],[120.9457185,15.54455],[120.9423564,15.5348371],[120.9446644,15.5319598],[120.9534151,15.5310529],[120.9589867,15.5308574],[120.9604566,15.536024]]],"type":"Polygon"},"properties":{"city":"City of Cabanatuan","key":"Dalampang||City of Cabanatuan","name":"Dalampang","psgc":"304903030","sourceType":"barangay-map-search"},"type":"Feature"},{"geometry":{"coordinates":[[[120.9733618,15.4865119],[120.9709056,15.486805],[120.9674418,15.4844108],[120.9675373,15.4841813],[120.9677343,15.4822238],[120.969396,15.4819689],[120.9719582,15.4836709],[120.9726263,15.4844029],[120.9733618,15.4865119]]],"type":"Polygon"},"properties":{"city":"City of Cabanatuan","key":"Dicarma||City of Cabanatuan","name":"Dicarma","psgc":"304903031","sourceType":"barangay-map-search"},"type":"Feature"},{"geometry":{"coordinates":[[[120.9671494,15.4840423],[120.964281,15.4873292],[120.9635719,15.4870423],[120.9641174,15.4829131],[120.9671494,15.4840423]]],"type":"Polygon"},"properties":{"city":"City of Cabanatuan","key":"Dimasalang||City of Cabanatuan","name":"Dimasalang","psgc":"304903032","sourceType":"barangay-map-search"},"type":"Feature"},{"geometry":{"coordinates":[[[120.9618574,15.4738742],[120.9595437,15.4744241],[120.9588469,15.4716883],[120.9596563,15.4700269],[120.9685082,15.4646839],[120.9735988,15.4719952],[120.9714295,15.4727613],[120.9700586,15.4733055],[120.967217,15.4734189],[120.9618574,15.4738742]]],"type":"Polygon"},"properties":{"city":"City of Cabanatuan","key":"Dionisio S. Garcia||City of Cabanatuan","name":"Dionisio S. Garcia","psgc":"304903033","sourceType":"barangay-map-search"},"type":"Feature"},{"geometry":{"coordinates":[[[120.9623042,15.4876944],[120.9619542,15.4885837],[120.9588929,15.4875087],[120.9592792,15.4865846],[120.9623042,15.4876944]]],"type":"Polygon"},"properties":{"city":"City of Cabanatuan","key":"Fatima||City of Cabanatuan","name":"Fatima","psgc":"304903035","sourceType":"barangay-map-search"},"type":"Feature"},{"geometry":{"coordinates":[[[120.9658531,15.4882717],[120.965179,15.489717],[120.9645265,15.4894827],[120.9641286,15.4893594],[120.964281,15.4873292],[120.9671494,15.4840423],[120.9675373,15.4841813],[120.9674418,15.4844108],[120.9669244,15.4859489],[120.9658531,15.4882717]]],"type":"Polygon"},"properties":{"city":"City of Cabanatuan","key":"General Luna||City of Cabanatuan","name":"General Luna","psgc":"304903036","sourceType":"barangay-map-search"},"type":"Feature"},{"geometry":{"coordinates":[[[120.9530128,15.4715774],[120.9502037,15.4728435],[120.9393635,15.4635277],[120.9470712,15.4591051],[120.9540519,15.4568321],[120.9599253,15.4630902],[120.9614164,15.4676764],[120.9530128,15.4715774]]],"type":"Polygon"},"properties":{"city":"City of Cabanatuan","key":"Hermogenes C. Concepcion, Sr.||City of Cabanatuan","name":"Hermogenes C. Concepcion, Sr.","psgc":"304903092","sourceType":"barangay-map-search"},"type":"Feature"},{"geometry":{"coordinates":[[[120.9263258,15.4910308],[120.9214867,15.4922708],[120.9167063,15.4905184],[120.9136396,15.4872198],[120.9180385,15.4712756],[120.9248572,15.4731544],[120.9221693,15.4799005],[120.927113,15.4836558],[120.9263258,15.4910308]]],"type":"Polygon"},"properties":{"city":"City of Cabanatuan","key":"Ibabao Bana||City of Cabanatuan","name":"Ibabao Bana","psgc":"304903037","sourceType":"barangay-map-search"},"type":"Feature"},{"geometry":{"coordinates":[[[120.9624213,15.4779909],[120.960371,15.4808258],[120.9580405,15.475939],[120.9595437,15.4744241],[120.9618574,15.4738742],[120.9624213,15.4779909]]],"type":"Polygon"},"properties":{"city":"City of Cabanatuan","key":"Imelda District||City of Cabanatuan","name":"Imelda District","psgc":"304903038","sourceType":"barangay-map-search"},"type":"Feature"},{"geometry":{"coordinates":[[[120.961941,15.4937279],[120.9516986,15.4964],[120.9495992,15.4952704],[120.9499,15.4881789],[120.9539818,15.4864747],[120.9583906,15.4885117],[120.9614271,15.4897661],[120.9623267,15.4913381],[120.961941,15.4937279]]],"type":"Polygon"},"properties":{"city":"City of Cabanatuan","key":"Isla||City of Cabanatuan","name":"Isla","psgc":"304903039","sourceType":"barangay-map-search"},"type":"Feature"},{"geometry":{"coordinates":[[[121.0835678,15.4834809],[121.077016,15.484784],[121.0697333,15.5035052],[121.0592797,15.4915295],[121.0503144,15.4967074],[121.0406321,15.4976923],[121.0426547,15.484476],[121.0501599,15.4813818],[121.0682205,15.4857027],[121.0723347,15.4762598],[121.0820946,15.4733502],[121.0835678,15.4834809]]],"type":"Polygon"},"properties":{"city":"City of Cabanatuan","key":"Kalikid Norte||City of Cabanatuan","name":"Kalikid Norte","psgc":"304903041","sourceType":"barangay-map-search"},"type":"Feature"},{"geometry":{"coordinates":[[[121.0723347,15.4762598],[121.0682205,15.4857027],[121.0501599,15.4813818],[121.0426547,15.484476],[121.0409466,15.4794846],[121.0482066,15.4538011],[121.0532022,15.457244],[121.0599315,15.4544218],[121.0592619,15.4699771],[121.0723347,15.4762598]]],"type":"Polygon"},"properties":{"city":"City of Cabanatuan","key":"Kalikid Sur||City of Cabanatuan","name":"Kalikid Sur","psgc":"304903042","sourceType":"barangay-map-search"},"type":"Feature"},{"geometry":{"coordinates":[[[120.9582528,15.4860035],[120.954574,15.485131],[120.9484403,15.4778259],[120.9502037,15.4728435],[120.9530128,15.4715774],[120.9565862,15.4765961],[120.9590216,15.4834996],[120.9582528,15.4860035]]],"type":"Polygon"},"properties":{"city":"City of Cabanatuan","key":"Kapitan Pepe||City of Cabanatuan","name":"Kapitan Pepe","psgc":"304903023","sourceType":"barangay-map-search"},"type":"Feature"},{"geometry":{"coordinates":[[[121.0143738,15.517533],[121.0089925,15.5208932],[120.997544,15.5180097],[120.997425,15.5084366],[121.0023192,15.5065133],[121.0146328,15.5024893],[121.0151701,15.5026935],[121.0143738,15.517533]]],"type":"Polygon"},"properties":{"city":"City of Cabanatuan","key":"Lagare||City of Cabanatuan","name":"Lagare","psgc":"304903043","sourceType":"barangay-map-search"},"type":"Feature"},{"geometry":{"coordinates":[[[121.0146328,15.5024893],[121.0023192,15.5065133],[120.998446,15.5021386],[120.9908634,15.4974809],[120.9923616,15.4940046],[121.0074629,15.4998405],[121.0148867,15.4843574],[121.0164549,15.4920794],[121.0146328,15.5024893]]],"type":"Polygon"},"properties":{"city":"City of Cabanatuan","key":"Lourdes||City of Cabanatuan","name":"Lourdes","psgc":"304903051","sourceType":"barangay-map-search"},"type":"Feature"},{"geometry":{"coordinates":[[[120.967217,15.4734189],[120.9645487,15.480116],[120.9624213,15.4779909],[120.9618574,15.4738742],[120.967217,15.4734189]]],"type":"Polygon"},"properties":{"city":"City of Cabanatuan","key":"M. S. Garcia||City of Cabanatuan","name":"M. S. Garcia","psgc":"304903044","sourceType":"barangay-map-search"},"type":"Feature"},{"geometry":{"coordinates":[[[120.9784881,15.4807118],[120.9738946,15.4868739],[120.9733618,15.4865119],[120.9726263,15.4844029],[120.9745747,15.4795716],[120.9784881,15.4807118]]],"type":"Polygon"},"properties":{"city":"City of Cabanatuan","key":"Mabini Extension||City of Cabanatuan","name":"Mabini Extension","psgc":"304903046","sourceType":"barangay-map-search"},"type":"Feature"},{"geometry":{"coordinates":[[[120.9813565,15.4746484],[120.9784881,15.4807118],[120.9745747,15.4795716],[120.9735364,15.4791769],[120.9731861,15.4791024],[120.9714295,15.4727613],[120.9735988,15.4719952],[120.9814694,15.473342],[120.9813565,15.4746484]]],"type":"Polygon"},"properties":{"city":"City of Cabanatuan","key":"Mabini Homesite||City of Cabanatuan","name":"Mabini Homesite","psgc":"304903047","sourceType":"barangay-map-search"},"type":"Feature"},{"geometry":{"coordinates":[[[121.0835678,15.4834809],[121.0926367,15.4917181],[121.0878404,15.4961965],[121.074328,15.5223969],[121.0680591,15.5053118],[121.0697333,15.5035052],[121.077016,15.484784],[121.0835678,15.4834809]]],"type":"Polygon"},"properties":{"city":"City of Cabanatuan","key":"Macatbong||City of Cabanatuan","name":"Macatbong","psgc":"304903048","sourceType":"barangay-map-search"},"type":"Feature"},{"geometry":{"coordinates":[[[120.9811078,15.4884427],[120.9750375,15.4894982],[120.974443,15.4875594],[120.9840338,15.4777047],[120.9847353,15.4796239],[120.9846508,15.4864266],[120.9811078,15.4884427]]],"type":"Polygon"},"properties":{"city":"City of Cabanatuan","key":"Magsaysay District||City of Cabanatuan","name":"Magsaysay District","psgc":"304903049","sourceType":"barangay-map-search"},"type":"Feature"},{"geometry":{"coordinates":[[[120.9840338,15.4777047],[120.974443,15.4875594],[120.9738946,15.4868739],[120.9784881,15.4807118],[120.9813565,15.4746484],[120.9840338,15.4777047]]],"type":"Polygon"},"properties":{"city":"City of Cabanatuan","key":"Magsaysay South||City of Cabanatuan","name":"Magsaysay South","psgc":"304903097","sourceType":"barangay-map-search"},"type":"Feature"},{"geometry":{"coordinates":[[[120.9709056,15.486805],[120.9691414,15.4870527],[120.9669244,15.4859489],[120.9674418,15.4844108],[120.9709056,15.486805]]],"type":"Polygon"},"properties":{"city":"City of Cabanatuan","key":"Maria Theresa||City of Cabanatuan","name":"Maria Theresa","psgc":"304903098","sourceType":"barangay-map-search"},"type":"Feature"},{"geometry":{"coordinates":[[[120.9636586,15.4906334],[120.9623267,15.4913381],[120.9614271,15.4897661],[120.9632726,15.4890711],[120.9641286,15.4893594],[120.9645265,15.4894827],[120.9636586,15.4906334]]],"type":"Polygon"},"properties":{"city":"City of Cabanatuan","key":"Matadero||City of Cabanatuan","name":"Matadero","psgc":"304903050","sourceType":"barangay-map-search"},"type":"Feature"},{"geometry":{"coordinates":[[[120.9589867,15.5308574],[120.9534151,15.5310529],[120.9538342,15.5236095],[120.9585801,15.5203116],[120.9589867,15.5308574]]],"type":"Polygon"},"properties":{"city":"City of Cabanatuan","key":"Mayapyap Norte||City of Cabanatuan","name":"Mayapyap Norte","psgc":"304903052","sourceType":"barangay-map-search"},"type":"Feature"},{"geometry":{"coordinates":[[[120.9534151,15.5310529],[120.9446644,15.5319598],[120.9405862,15.5281443],[120.9447457,15.5052325],[120.9452086,15.5054764],[120.9523218,15.5100554],[120.9594495,15.5146383],[120.9585801,15.5203116],[120.9538342,15.5236095],[120.9534151,15.5310529]]],"type":"Polygon"},"properties":{"city":"City of Cabanatuan","key":"Mayapyap Sur||City of Cabanatuan","name":"Mayapyap Sur","psgc":"304903053","sourceType":"barangay-map-search"},"type":"Feature"},{"geometry":{"coordinates":[[[120.9626844,15.4866884],[120.9623042,15.4876944],[120.9592792,15.4865846],[120.9603831,15.4839634],[120.9613231,15.4843138],[120.9615805,15.4844109],[120.9626844,15.4866884]]],"type":"Polygon"},"properties":{"city":"City of Cabanatuan","key":"Melojavilla||City of Cabanatuan","name":"Melojavilla","psgc":"304903054","sourceType":"barangay-map-search"},"type":"Feature"},{"geometry":{"coordinates":[[[120.9666973,15.4902837],[120.9661371,15.4913132],[120.9636586,15.4906334],[120.9645265,15.4894827],[120.965179,15.489717],[120.9666973,15.4902837]]],"type":"Polygon"},"properties":{"city":"City of Cabanatuan","key":"Nabao||City of Cabanatuan","name":"Nabao","psgc":"304903087","sourceType":"barangay-map-search"},"type":"Feature"},{"geometry":{"coordinates":[[[121.0117687,15.5401378],[120.9963486,15.5419191],[120.9911439,15.5277882],[120.997544,15.5180097],[121.0089925,15.5208932],[121.0065484,15.5274189],[121.0120151,15.5354384],[121.0117687,15.5401378]]],"type":"Polygon"},"properties":{"city":"City of Cabanatuan","key":"Obrero||City of Cabanatuan","name":"Obrero","psgc":"304903055","sourceType":"barangay-map-search"},"type":"Feature"},{"geometry":{"coordinates":[[[120.9683565,15.4889269],[120.9666973,15.4902837],[120.965179,15.489717],[120.9658531,15.4882717],[120.9683565,15.4889269]]],"type":"Polygon"},"properties":{"city":"City of Cabanatuan","key":"Padre Burgos||City of Cabanatuan","name":"Padre Burgos","psgc":"304903088","sourceType":"barangay-map-search"},"type":"Feature"},{"geometry":{"coordinates":[[[120.9677343,15.4822238],[120.9700586,15.4733055],[120.9714295,15.4727613],[120.9731861,15.4791024],[120.969396,15.4819689],[120.9677343,15.4822238]]],"type":"Polygon"},"properties":{"city":"City of Cabanatuan","key":"Padre Crisostomo||City of Cabanatuan","name":"Padre Crisostomo","psgc":"304903056","sourceType":"barangay-map-search"},"type":"Feature"},{"geometry":{"coordinates":[[[120.9572753,15.5022523],[120.9523218,15.5100554],[120.9452086,15.5054764],[120.9495992,15.4952704],[120.9516986,15.4964],[120.9572753,15.5022523]]],"type":"Polygon"},"properties":{"city":"City of Cabanatuan","key":"Pagas||City of Cabanatuan","name":"Pagas","psgc":"304903057","sourceType":"barangay-map-search"},"type":"Feature"},{"geometry":{"coordinates":[[[120.9136396,15.4872198],[120.9006106,15.484849],[120.8969673,15.477236],[120.8806604,15.4630678],[120.8833555,15.4543655],[120.8924733,15.4547114],[120.8976414,15.4635232],[120.9078687,15.4735183],[120.9110088,15.4664835],[120.9180385,15.4712756],[120.9136396,15.4872198]]],"type":"Polygon"},"properties":{"city":"City of Cabanatuan","key":"Palagay||City of Cabanatuan","name":"Palagay","psgc":"304903058","sourceType":"barangay-map-search"},"type":"Feature"},{"geometry":{"coordinates":[[[120.9367644,15.5030808],[120.9267181,15.5008395],[120.9214867,15.4922708],[120.9263258,15.4910308],[120.9342,15.4729223],[120.9374223,15.4710614],[120.9350322,15.478429],[120.9391677,15.4931248],[120.9367644,15.5030808]]],"type":"Polygon"},"properties":{"city":"City of Cabanatuan","key":"Pamaldan||City of Cabanatuan","name":"Pamaldan","psgc":"304903059","sourceType":"barangay-map-search"},"type":"Feature"},{"geometry":{"coordinates":[[[121.0528499,15.5119632],[121.0437264,15.5160555],[121.0430378,15.5153047],[121.0351198,15.5130416],[121.0406321,15.4976923],[121.0503144,15.4967074],[121.0528499,15.5119632]]],"type":"Polygon"},"properties":{"city":"City of Cabanatuan","key":"Pangatian||City of Cabanatuan","name":"Pangatian","psgc":"304903060","sourceType":"barangay-map-search"},"type":"Feature"},{"geometry":{"coordinates":[[[121.0820946,15.4733502],[121.0723347,15.4762598],[121.0592619,15.4699771],[121.0599315,15.4544218],[121.0707975,15.4520971],[121.0786475,15.4585307],[121.0820946,15.4733502]]],"type":"Polygon"},"properties":{"city":"City of Cabanatuan","key":"Patalac||City of Cabanatuan","name":"Patalac","psgc":"304903061","sourceType":"barangay-map-search"},"type":"Feature"},{"geometry":{"coordinates":[[[120.9110088,15.4664835],[120.9078687,15.4735183],[120.8976414,15.4635232],[120.8924733,15.4547114],[120.9102899,15.4469531],[120.9168487,15.4504643],[120.9214795,15.4566461],[120.9110088,15.4664835]]],"type":"Polygon"},"properties":{"city":"City of Cabanatuan","key":"Polilio||City of Cabanatuan","name":"Polilio","psgc":"304903063","sourceType":"barangay-map-search"},"type":"Feature"},{"geometry":{"coordinates":[[[120.9760439,15.5578037],[120.9662166,15.5647938],[120.9575605,15.5561076],[120.9690509,15.5472578],[120.9760439,15.5578037]]],"type":"Polygon"},"properties":{"city":"City of Cabanatuan","key":"Pula||City of Cabanatuan","name":"Pula","psgc":"304903064","sourceType":"barangay-map-search"},"type":"Feature"},{"geometry":{"coordinates":[[[120.9750375,15.4894982],[120.9754472,15.4917465],[120.9683565,15.4889269],[120.9691414,15.4870527],[120.9709056,15.486805],[120.9733618,15.4865119],[120.9738946,15.4868739],[120.974443,15.4875594],[120.9750375,15.4894982]]],"type":"Polygon"},"properties":{"city":"City of Cabanatuan","key":"Quezon District||City of Cabanatuan","name":"Quezon District","psgc":"304903065","sourceType":"barangay-map-search"},"type":"Feature"},{"geometry":{"coordinates":[[[120.9632726,15.4890711],[120.9614271,15.4897661],[120.9583906,15.4885117],[120.9586369,15.4878002],[120.9588929,15.4875087],[120.9619542,15.4885837],[120.9632726,15.4890711]]],"type":"Polygon"},"properties":{"city":"City of Cabanatuan","key":"Rizdelis||City of Cabanatuan","name":"Rizdelis","psgc":"304903066","sourceType":"barangay-map-search"},"type":"Feature"},{"geometry":{"coordinates":[[[120.9495992,15.4952704],[120.9452086,15.5054764],[120.9447457,15.5052325],[120.9367644,15.5030808],[120.9391677,15.4931248],[120.9495992,15.4952704]]],"type":"Polygon"},"properties":{"city":"City of Cabanatuan","key":"Samon||City of Cabanatuan","name":"Samon","psgc":"304903067","sourceType":"barangay-map-search"},"type":"Feature"},{"geometry":{"coordinates":[[[121.0148867,15.4843574],[121.0074629,15.4998405],[120.9923616,15.4940046],[120.9846508,15.4864266],[120.9847353,15.4796239],[120.9941301,15.4851398],[121.0049323,15.4828948],[121.0068259,15.4725147],[121.0225988,15.4818834],[121.0148867,15.4843574]]],"type":"Polygon"},"properties":{"city":"City of Cabanatuan","key":"San Isidro||City of Cabanatuan","name":"San Isidro","psgc":"304903068","sourceType":"barangay-map-search"},"type":"Feature"},{"geometry":{"coordinates":[[[120.9539818,15.4864747],[120.9499,15.4881789],[120.946467,15.4786067],[120.9484403,15.4778259],[120.954574,15.485131],[120.9539818,15.4864747]]],"type":"Polygon"},"properties":{"city":"City of Cabanatuan","key":"San Josef Norte||City of Cabanatuan","name":"San Josef Norte","psgc":"304903071","sourceType":"barangay-map-search"},"type":"Feature"},{"geometry":{"coordinates":[[[120.9484403,15.4778259],[120.946467,15.4786067],[120.9378801,15.4665558],[120.9393635,15.4635277],[120.9502037,15.4728435],[120.9484403,15.4778259]]],"type":"Polygon"},"properties":{"city":"City of Cabanatuan","key":"San Josef Sur||City of Cabanatuan","name":"San Josef Sur","psgc":"304903072","sourceType":"barangay-map-search"},"type":"Feature"},{"geometry":{"coordinates":[[[120.9580405,15.475939],[120.9565862,15.4765961],[120.9530128,15.4715774],[120.9614164,15.4676764],[120.9599253,15.4630902],[120.9607715,15.4621577],[120.9685082,15.4646839],[120.9596563,15.4700269],[120.9588469,15.4716883],[120.9595437,15.4744241],[120.9580405,15.475939]]],"type":"Polygon"},"properties":{"city":"City of Cabanatuan","key":"San Juan Pob.||City of Cabanatuan","name":"San Juan Pob.","psgc":"304903073","sourceType":"barangay-map-search"},"type":"Feature"},{"geometry":{"coordinates":[[[120.9691414,15.4870527],[120.9683565,15.4889269],[120.9658531,15.4882717],[120.9669244,15.4859489],[120.9691414,15.4870527]]],"type":"Polygon"},"properties":{"city":"City of Cabanatuan","key":"San Roque Norte||City of Cabanatuan","name":"San Roque Norte","psgc":"304903074","sourceType":"barangay-map-search"},"type":"Feature"},{"geometry":{"coordinates":[[[120.9641174,15.4829131],[120.9635719,15.4870423],[120.9626844,15.4866884],[120.9615805,15.4844109],[120.9638241,15.4828137],[120.9641174,15.4829131]]],"type":"Polygon"},"properties":{"city":"City of Cabanatuan","key":"Sanbermicristi||City of Cabanatuan","name":"Sanbermicristi","psgc":"304903076","sourceType":"barangay-map-search"},"type":"Feature"},{"geometry":{"coordinates":[[[120.9755379,15.4922586],[120.9714967,15.4954059],[120.9703164,15.4931519],[120.9661371,15.4913132],[120.9666973,15.4902837],[120.9683565,15.4889269],[120.9754472,15.4917465],[120.9755379,15.4922586]]],"type":"Polygon"},"properties":{"city":"City of Cabanatuan","key":"Sangitan||City of Cabanatuan","name":"Sangitan","psgc":"304903077","sourceType":"barangay-map-search"},"type":"Feature"},{"geometry":{"coordinates":[[[120.9771294,15.4940426],[120.9718566,15.4960126],[120.9714967,15.4954059],[120.9755379,15.4922586],[120.9773561,15.4921548],[120.9771294,15.4940426]]],"type":"Polygon"},"properties":{"city":"City of Cabanatuan","key":"Sangitan East||City of Cabanatuan","name":"Sangitan East","psgc":"304903099","sourceType":"barangay-map-search"},"type":"Feature"},{"geometry":{"coordinates":[[[120.9999998,15.4600973],[120.9814694,15.473342],[120.9735988,15.4719952],[120.9685082,15.4646839],[120.9607715,15.4621577],[120.9680027,15.4501267],[120.9761641,15.4487303],[121.0024125,15.4548956],[121.0059065,15.4526615],[120.9999998,15.4600973]]],"type":"Polygon"},"properties":{"city":"City of Cabanatuan","key":"Santa Arcadia||City of Cabanatuan","name":"Santa Arcadia","psgc":"304903078","sourceType":"barangay-map-search"},"type":"Feature"},{"geometry":{"coordinates":[[[120.9241606,15.4539229],[120.9214795,15.4566461],[120.9168487,15.4504643],[120.9312816,15.4399496],[120.9338713,15.4490464],[120.9241606,15.4539229]]],"type":"Polygon"},"properties":{"city":"City of Cabanatuan","key":"Santo Niño||City of Cabanatuan","name":"Santo Niño","psgc":"304903100","sourceType":"barangay-map-search"},"type":"Feature"},{"geometry":{"coordinates":[[[120.9696957,15.5191329],[120.9764232,15.5318047],[120.9684379,15.5435174],[120.9675592,15.5383068],[120.9646832,15.5300911],[120.9690202,15.5189007],[120.9696957,15.5191329]]],"type":"Polygon"},"properties":{"city":"City of Cabanatuan","key":"Sapang||City of Cabanatuan","name":"Sapang","psgc":"304903093","sourceType":"barangay-map-search"},"type":"Feature"},{"geometry":{"coordinates":[[[120.9607715,15.4621577],[120.9599253,15.4630902],[120.9540519,15.4568321],[120.9470712,15.4591051],[120.9492768,15.4571132],[120.9397473,15.4387839],[120.9517132,15.4363087],[120.9634852,15.4434155],[120.9680027,15.4501267],[120.9607715,15.4621577]]],"type":"Polygon"},"properties":{"city":"City of Cabanatuan","key":"Sumacab Este||City of Cabanatuan","name":"Sumacab Este","psgc":"304903094","sourceType":"barangay-map-search"},"type":"Feature"},{"geometry":{"coordinates":[[[120.9248572,15.4731544],[120.9180385,15.4712756],[120.9110088,15.4664835],[120.9214795,15.4566461],[120.9241606,15.4539229],[120.9369006,15.4580128],[120.9393635,15.4635277],[120.9378801,15.4665558],[120.9337447,15.4631692],[120.9248572,15.4731544]]],"type":"Polygon"},"properties":{"city":"City of Cabanatuan","key":"Sumacab Norte||City of Cabanatuan","name":"Sumacab Norte","psgc":"304903079","sourceType":"barangay-map-search"},"type":"Feature"},{"geometry":{"coordinates":[[[120.9470712,15.4591051],[120.9393635,15.4635277],[120.9369006,15.4580128],[120.9241606,15.4539229],[120.9338713,15.4490464],[120.9312816,15.4399496],[120.9397473,15.4387839],[120.9492768,15.4571132],[120.9470712,15.4591051]]],"type":"Polygon"},"properties":{"city":"City of Cabanatuan","key":"Sumacab South||City of Cabanatuan","name":"Sumacab South","psgc":"304903095","sourceType":"barangay-map-search"},"type":"Feature"},{"geometry":{"coordinates":[[[120.9374223,15.4710614],[120.9342,15.4729223],[120.9263258,15.4910308],[120.927113,15.4836558],[120.9221693,15.4799005],[120.9248572,15.4731544],[120.9337447,15.4631692],[120.9378801,15.4665558],[120.9374223,15.4710614]]],"type":"Polygon"},"properties":{"city":"City of Cabanatuan","key":"Talipapa||City of Cabanatuan","name":"Talipapa","psgc":"304903089","sourceType":"barangay-map-search"},"type":"Feature"},{"geometry":{"coordinates":[[[120.9668437,15.5033585],[120.9662787,15.5162938],[120.9594495,15.5146383],[120.9523218,15.5100554],[120.9572753,15.5022523],[120.9649135,15.5031971],[120.9668437,15.5033585]]],"type":"Polygon"},"properties":{"city":"City of Cabanatuan","key":"Valdefuente||City of Cabanatuan","name":"Valdefuente","psgc":"304903082","sourceType":"barangay-map-search"},"type":"Feature"},{"geometry":{"coordinates":[[[121.0068259,15.4725147],[121.0049323,15.4828948],[120.9941301,15.4851398],[120.9847353,15.4796239],[120.9840338,15.4777047],[120.9813565,15.4746484],[120.9814694,15.473342],[120.9999998,15.4600973],[121.0068259,15.4725147]]],"type":"Polygon"},"properties":{"city":"City of Cabanatuan","key":"Valle Cruz||City of Cabanatuan","name":"Valle Cruz","psgc":"304903083","sourceType":"barangay-map-search"},"type":"Feature"},{"geometry":{"coordinates":[[[120.9588929,15.4875087],[120.9586369,15.4878002],[120.9582528,15.4860035],[120.9590216,15.4834996],[120.9603831,15.4839634],[120.9592792,15.4865846],[120.9588929,15.4875087]]],"type":"Polygon"},"properties":{"city":"City of Cabanatuan","key":"Vijandre District||City of Cabanatuan","name":"Vijandre District","psgc":"304903084","sourceType":"barangay-map-search"},"type":"Feature"},{"geometry":{"coordinates":[[[120.9745747,15.4795716],[120.9726263,15.4844029],[120.9719582,15.4836709],[120.9735364,15.4791769],[120.9745747,15.4795716]]],"type":"Polygon"},"properties":{"city":"City of Cabanatuan","key":"Villa Ofelia-Caridad||City of Cabanatuan","name":"Villa Ofelia-Caridad","psgc":"304903085","sourceType":"barangay-map-search"},"type":"Feature"},{"geometry":{"coordinates":[[[120.960371,15.4808258],[120.9613231,15.4843138],[120.9603831,15.4839634],[120.9590216,15.4834996],[120.9565862,15.4765961],[120.9580405,15.475939],[120.960371,15.4808258]]],"type":"Polygon"},"properties":{"city":"City of Cabanatuan","key":"Zulueta District||City of Cabanatuan","name":"Zulueta District","psgc":"304903086","sourceType":"barangay-map-search"},"type":"Feature"},{"geometry":{"coordinates":[[[120.9733068,15.2735352],[120.9749497,15.2862646],[120.9673119,15.2949531],[120.9604977,15.2882391],[120.9607971,15.2766095],[120.9677436,15.2695904],[120.9733068,15.2735352]]],"type":"Polygon"},"properties":{"city":"City of Gapan","key":"Balante||City of Gapan","name":"Balante","psgc":"304908019","sourceType":"barangay-map-search"},"type":"Feature"},{"geometry":{"coordinates":[[[120.9553653,15.2899114],[120.9571908,15.301116],[120.9487087,15.3062594],[120.94653,15.3042904],[120.9407538,15.3019525],[120.9326909,15.2974148],[120.9271452,15.3000747],[120.9307732,15.2849652],[120.9485887,15.2906611],[120.9553653,15.2899114]]],"type":"Polygon"},"properties":{"city":"City of Gapan","key":"Bayanihan||City of Gapan","name":"Bayanihan","psgc":"304908001","sourceType":"barangay-map-search"},"type":"Feature"},{"geometry":{"coordinates":[[[120.9859346,15.2583907],[120.977379,15.255556],[120.981841,15.2474422],[120.9717142,15.2428582],[120.9705762,15.2351611],[120.9765966,15.2296146],[120.9856813,15.2270661],[120.9952393,15.2341107],[120.9895222,15.2417022],[120.9859346,15.2583907]]],"type":"Polygon"},"properties":{"city":"City of Gapan","key":"Bulak||City of Gapan","name":"Bulak","psgc":"304908002","sourceType":"barangay-map-search"},"type":"Feature"},{"geometry":{"coordinates":[[[121.052302,15.2628023],[121.0455536,15.2767586],[121.0368178,15.2784901],[121.0243809,15.2715512],[121.0161714,15.2735964],[121.0084642,15.2704109],[121.0057268,15.2644149],[121.0136674,15.249511],[121.0198849,15.2526709],[121.0289916,15.2518206],[121.0409042,15.2544827],[121.0437061,15.25977],[121.052302,15.2628023]]],"type":"Polygon"},"properties":{"city":"City of Gapan","key":"Bungo||City of Gapan","name":"Bungo","psgc":"304908020","sourceType":"barangay-map-search"},"type":"Feature"},{"geometry":{"coordinates":[[[121.0368178,15.2784901],[121.0174998,15.2873038],[121.0121068,15.2827173],[121.0048698,15.2856714],[120.9953276,15.2795535],[120.9849572,15.2820571],[120.9733068,15.2735352],[120.9677436,15.2695904],[120.9708222,15.2586448],[120.977379,15.255556],[120.9859346,15.2583907],[120.9893735,15.2617269],[120.9992723,15.260891],[121.0057268,15.2644149],[121.0084642,15.2704109],[121.0161714,15.2735964],[121.0243809,15.2715512],[121.0368178,15.2784901]]],"type":"Polygon"},"properties":{"city":"City of Gapan","key":"Kapalangan||City of Gapan","name":"Kapalangan","psgc":"304908003","sourceType":"barangay-map-search"},"type":"Feature"},{"geometry":{"coordinates":[[[121.0338339,15.3231035],[121.0319378,15.3267754],[121.0191982,15.3184212],[121.0041908,15.3060092],[120.9955122,15.3036533],[120.9886952,15.2933683],[120.9903245,15.2912473],[121.0106921,15.2945868],[121.0305219,15.3106845],[121.0338339,15.3231035]]],"type":"Polygon"},"properties":{"city":"City of Gapan","key":"Mabunga||City of Gapan","name":"Mabunga","psgc":"304908021","sourceType":"barangay-map-search"},"type":"Feature"},{"geometry":{"coordinates":[[[121.0319378,15.3267754],[121.0139774,15.3305341],[121.0056348,15.3259474],[120.9760167,15.3141253],[120.9886952,15.2933683],[120.9955122,15.3036533],[121.0041908,15.3060092],[121.0191982,15.3184212],[121.0319378,15.3267754]]],"type":"Polygon"},"properties":{"city":"City of Gapan","key":"Maburak||City of Gapan","name":"Maburak","psgc":"304908022","sourceType":"barangay-map-search"},"type":"Feature"},{"geometry":{"coordinates":[[[121.0136674,15.249511],[121.0057268,15.2644149],[120.9992723,15.260891],[120.9893735,15.2617269],[120.9859346,15.2583907],[120.9895222,15.2417022],[120.9952393,15.2341107],[121.0070178,15.2474019],[121.0136674,15.249511]]],"type":"Polygon"},"properties":{"city":"City of Gapan","key":"Mahipon||City of Gapan","name":"Mahipon","psgc":"304908004","sourceType":"barangay-map-search"},"type":"Feature"},{"geometry":{"coordinates":[[[121.052302,15.2628023],[121.0747072,15.2683695],[121.1163056,15.2658203],[121.1397502,15.2713745],[121.0922518,15.3110958],[121.0737325,15.3099652],[121.0595366,15.322005],[121.0338339,15.3231035],[121.0305219,15.3106845],[121.0106921,15.2945868],[121.0174998,15.2873038],[121.0368178,15.2784901],[121.0455536,15.2767586],[121.052302,15.2628023]]],"type":"Polygon"},"properties":{"city":"City of Gapan","key":"Makabaclay||City of Gapan","name":"Makabaclay","psgc":"304908018","sourceType":"barangay-map-search"},"type":"Feature"},{"geometry":{"coordinates":[[[120.9708222,15.2586448],[120.9641774,15.2572265],[120.9514007,15.2592281],[120.9387236,15.2577634],[120.9384335,15.2485013],[120.9415939,15.241894],[120.9503397,15.2510194],[120.9657797,15.2499008],[120.977379,15.255556],[120.9708222,15.2586448]]],"type":"Polygon"},"properties":{"city":"City of Gapan","key":"Malimba||City of Gapan","name":"Malimba","psgc":"304908005","sourceType":"barangay-map-search"},"type":"Feature"},{"geometry":{"coordinates":[[[120.9760167,15.3141253],[120.9637431,15.3199643],[120.9581161,15.3147886],[120.9513252,15.3088364],[120.9487087,15.3062594],[120.9571908,15.301116],[120.9553653,15.2899114],[120.9604977,15.2882391],[120.9673119,15.2949531],[120.9719493,15.2998185],[120.9712985,15.3065525],[120.9760167,15.3141253]]],"type":"Polygon"},"properties":{"city":"City of Gapan","key":"Mangino||City of Gapan","name":"Mangino","psgc":"304908006","sourceType":"barangay-map-search"},"type":"Feature"},{"geometry":{"coordinates":[[[120.9419953,15.2201258],[120.9339929,15.2296934],[120.9163624,15.2193401],[120.9112061,15.2119662],[120.9387554,15.2174983],[120.9419953,15.2201258]]],"type":"Polygon"},"properties":{"city":"City of Gapan","key":"Marelo||City of Gapan","name":"Marelo","psgc":"304908007","sourceType":"barangay-map-search"},"type":"Feature"},{"geometry":{"coordinates":[[[121.0139774,15.3305341],[121.0086612,15.3308084],[120.9997507,15.3393946],[120.9938663,15.3395511],[120.9799972,15.3590353],[120.9706894,15.3607066],[120.9621286,15.3514598],[120.9644118,15.3358551],[120.9593239,15.3227606],[120.9522202,15.3189922],[120.9581161,15.3147886],[120.9637431,15.3199643],[120.9760167,15.3141253],[121.0056348,15.3259474],[121.0139774,15.3305341]]],"type":"Polygon"},"properties":{"city":"City of Gapan","key":"Pambuan||City of Gapan","name":"Pambuan","psgc":"304908008","sourceType":"barangay-map-search"},"type":"Feature"},{"geometry":{"coordinates":[[[120.9527903,15.2285386],[120.9415939,15.241894],[120.9394996,15.2340128],[120.9339929,15.2296934],[120.9419953,15.2201258],[120.9527903,15.2285386]]],"type":"Polygon"},"properties":{"city":"City of Gapan","key":"Parcutela||City of Gapan","name":"Parcutela","psgc":"304908009","sourceType":"barangay-map-search"},"type":"Feature"},{"geometry":{"coordinates":[[[121.0174998,15.2873038],[121.0106921,15.2945868],[120.9903245,15.2912473],[120.9849572,15.2820571],[120.9953276,15.2795535],[121.0048698,15.2856714],[121.0121068,15.2827173],[121.0174998,15.2873038]]],"type":"Polygon"},"properties":{"city":"City of Gapan","key":"Puting Tubig||City of Gapan","name":"Puting Tubig","psgc":"304908023","sourceType":"barangay-map-search"},"type":"Feature"},{"geometry":{"coordinates":[[[120.9581161,15.3147886],[120.9522202,15.3189922],[120.9481988,15.3181657],[120.9513252,15.3088364],[120.9581161,15.3147886]]],"type":"Polygon"},"properties":{"city":"City of Gapan","key":"San Lorenzo||City of Gapan","name":"San Lorenzo","psgc":"304908010","sourceType":"barangay-map-search"},"type":"Feature"},{"geometry":{"coordinates":[[[120.9393164,15.3079786],[120.9278301,15.3083303],[120.9271452,15.3000747],[120.9326909,15.2974148],[120.9407538,15.3019525],[120.9393164,15.3079786]]],"type":"Polygon"},"properties":{"city":"City of Gapan","key":"San Nicolas||City of Gapan","name":"San Nicolas","psgc":"304908011","sourceType":"barangay-map-search"},"type":"Feature"},{"geometry":{"coordinates":[[[120.9765966,15.2296146],[120.9705762,15.2351611],[120.9717142,15.2428582],[120.981841,15.2474422],[120.977379,15.255556],[120.9657797,15.2499008],[120.9503397,15.2510194],[120.9415939,15.241894],[120.9527903,15.2285386],[120.9600577,15.2251418],[120.9700768,15.2256449],[120.9765966,15.2296146]]],"type":"Polygon"},"properties":{"city":"City of Gapan","key":"San Roque||City of Gapan","name":"San Roque","psgc":"304908012","sourceType":"barangay-map-search"},"type":"Feature"},{"geometry":{"coordinates":[[[120.9513252,15.3088364],[120.9481988,15.3181657],[120.9409477,15.3105656],[120.94653,15.3042904],[120.9487087,15.3062594],[120.9513252,15.3088364]]],"type":"Polygon"},"properties":{"city":"City of Gapan","key":"San Vicente||City of Gapan","name":"San Vicente","psgc":"304908013","sourceType":"barangay-map-search"},"type":"Feature"},{"geometry":{"coordinates":[[[120.9886952,15.2933683],[120.9760167,15.3141253],[120.9712985,15.3065525],[120.9719493,15.2998185],[120.9673119,15.2949531],[120.9749497,15.2862646],[120.9733068,15.2735352],[120.9849572,15.2820571],[120.9903245,15.2912473],[120.9886952,15.2933683]]],"type":"Polygon"},"properties":{"city":"City of Gapan","key":"Santa Cruz||City of Gapan","name":"Santa Cruz","psgc":"304908014","sourceType":"barangay-map-search"},"type":"Feature"},{"geometry":{"coordinates":[[[120.9553653,15.2899114],[120.9485887,15.2906611],[120.9307732,15.2849652],[120.9351262,15.2688495],[120.9510445,15.2685089],[120.9607971,15.2766095],[120.9604977,15.2882391],[120.9553653,15.2899114]]],"type":"Polygon"},"properties":{"city":"City of Gapan","key":"Santo Cristo Norte||City of Gapan","name":"Santo Cristo Norte","psgc":"304908015","sourceType":"barangay-map-search"},"type":"Feature"},{"geometry":{"coordinates":[[[120.9677436,15.2695904],[120.9607971,15.2766095],[120.9510445,15.2685089],[120.9351262,15.2688495],[120.9387236,15.2577634],[120.9514007,15.2592281],[120.9641774,15.2572265],[120.9708222,15.2586448],[120.9677436,15.2695904]]],"type":"Polygon"},"properties":{"city":"City of Gapan","key":"Santo Cristo Sur||City of Gapan","name":"Santo Cristo Sur","psgc":"304908016","sourceType":"barangay-map-search"},"type":"Feature"},{"geometry":{"coordinates":[[[120.94653,15.3042904],[120.9409477,15.3105656],[120.9393164,15.3079786],[120.9407538,15.3019525],[120.94653,15.3042904]]],"type":"Polygon"},"properties":{"city":"City of Gapan","key":"Santo Niño||City of Gapan","name":"Santo Niño","psgc":"304908017","sourceType":"barangay-map-search"},"type":"Feature"},{"geometry":{"coordinates":[[[121.1328607,15.5513348],[121.1092788,15.5731103],[121.0957362,15.5548994],[121.1256705,15.5463014],[121.1328607,15.5513348]]],"type":"Polygon"},"properties":{"city":"City of Palayan","key":"Atate||City of Palayan","name":"Atate","psgc":"304919013","sourceType":"barangay-map-search"},"type":"Feature"},{"geometry":{"coordinates":[[[121.1044391,15.526132],[121.0860238,15.5258591],[121.0744648,15.5195628],[121.0938596,15.4909923],[121.1128001,15.4971241],[121.1005984,15.5107237],[121.1050065,15.5243844],[121.1044391,15.526132]]],"type":"Polygon"},"properties":{"city":"City of Palayan","key":"Aulo||City of Palayan","name":"Aulo","psgc":"304919001","sourceType":"barangay-map-search"},"type":"Feature"},{"geometry":{"coordinates":[[[121.1399566,15.4587754],[121.1175176,15.4683719],[121.1108447,15.4593582],[121.122691,15.4507602],[121.1421076,15.4462096],[121.1399566,15.4587754]]],"type":"Polygon"},"properties":{"city":"City of Palayan","key":"Bagong Buhay||City of Palayan","name":"Bagong Buhay","psgc":"304919022","sourceType":"barangay-map-search"},"type":"Feature"},{"geometry":{"coordinates":[[[121.146844,15.4271233],[121.1076936,15.4357474],[121.0850657,15.4447264],[121.0684284,15.4398395],[121.0675214,15.4301864],[121.0854475,15.4127491],[121.1038226,15.4095702],[121.1119707,15.4031205],[121.151434,15.4136886],[121.146844,15.4271233]]],"type":"Polygon"},"properties":{"city":"City of Palayan","key":"Bo. Militar||City of Palayan","name":"Bo. Militar","psgc":"304919003","sourceType":"barangay-map-search"},"type":"Feature"},{"geometry":{"coordinates":[[[121.1256705,15.5463014],[121.0957362,15.5548994],[121.0868226,15.5443738],[121.0967461,15.5356109],[121.1044391,15.526132],[121.1050065,15.5243844],[121.1271291,15.5216609],[121.1256705,15.5463014]]],"type":"Polygon"},"properties":{"city":"City of Palayan","key":"Caballero||City of Palayan","name":"Caballero","psgc":"304919014","sourceType":"barangay-map-search"},"type":"Feature"},{"geometry":{"coordinates":[[[121.0868226,15.5443738],[121.0957362,15.5548994],[121.0909042,15.5544556],[121.0821076,15.5514652],[121.0850187,15.5428216],[121.0868226,15.5443738]]],"type":"Polygon"},"properties":{"city":"City of Palayan","key":"Caimito||City of Palayan","name":"Caimito","psgc":"304919015","sourceType":"barangay-map-search"},"type":"Feature"},{"geometry":{"coordinates":[[[121.1108447,15.4593582],[121.0995367,15.4608127],[121.0850657,15.4447264],[121.1076936,15.4357474],[121.146844,15.4271233],[121.1421076,15.4462096],[121.122691,15.4507602],[121.1108447,15.4593582]]],"type":"Polygon"},"properties":{"city":"City of Palayan","key":"Doña Josefa||City of Palayan","name":"Doña Josefa","psgc":"304919016","sourceType":"barangay-map-search"},"type":"Feature"},{"geometry":{"coordinates":[[[121.0967461,15.5356109],[121.0868226,15.5443738],[121.0850187,15.5428216],[121.0846767,15.542548],[121.0967461,15.5356109]]],"type":"Polygon"},"properties":{"city":"City of Palayan","key":"Ganaderia||City of Palayan","name":"Ganaderia","psgc":"304919004","sourceType":"barangay-map-search"},"type":"Feature"},{"geometry":{"coordinates":[[[121.1268655,15.5794769],[121.1112795,15.5782572],[121.1092788,15.5731103],[121.1328607,15.5513348],[121.1414994,15.5605096],[121.136096,15.5792483],[121.1268655,15.5794769]]],"type":"Polygon"},"properties":{"city":"City of Palayan","key":"Imelda Valley||City of Palayan","name":"Imelda Valley","psgc":"304919017","sourceType":"barangay-map-search"},"type":"Feature"},{"geometry":{"coordinates":[[[121.151434,15.4136886],[121.1802967,15.4117213],[121.1818392,15.4360147],[121.1399566,15.4587754],[121.1421076,15.4462096],[121.146844,15.4271233],[121.151434,15.4136886]]],"type":"Polygon"},"properties":{"city":"City of Palayan","key":"Langka||City of Palayan","name":"Langka","psgc":"304919018","sourceType":"barangay-map-search"},"type":"Feature"},{"geometry":{"coordinates":[[[121.0821076,15.5514652],[121.0635896,15.5503738],[121.0675671,15.5446628],[121.0723396,15.5356057],[121.0846767,15.542548],[121.0850187,15.5428216],[121.0821076,15.5514652]]],"type":"Polygon"},"properties":{"city":"City of Palayan","key":"Malate||City of Palayan","name":"Malate","psgc":"304919010","sourceType":"barangay-map-search"},"type":"Feature"},{"geometry":{"coordinates":[[[121.1227893,15.4969505],[121.1128001,15.4971241],[121.0938596,15.4909923],[121.0995367,15.4608127],[121.1108447,15.4593582],[121.1175176,15.4683719],[121.1227893,15.4969505]]],"type":"Polygon"},"properties":{"city":"City of Palayan","key":"Maligaya||City of Palayan","name":"Maligaya","psgc":"304919005","sourceType":"barangay-map-search"},"type":"Feature"},{"geometry":{"coordinates":[[[121.0723396,15.5356057],[121.0675671,15.5446628],[121.0549409,15.526852],[121.0744648,15.5195628],[121.0860238,15.5258591],[121.0723396,15.5356057]]],"type":"Polygon"},"properties":{"city":"City of Palayan","key":"Manacnac||City of Palayan","name":"Manacnac","psgc":"304919006","sourceType":"barangay-map-search"},"type":"Feature"},{"geometry":{"coordinates":[[[121.1271291,15.5216609],[121.1050065,15.5243844],[121.1005984,15.5107237],[121.1128001,15.4971241],[121.1227893,15.4969505],[121.1271291,15.5216609]]],"type":"Polygon"},"properties":{"city":"City of Palayan","key":"Mapait||City of Palayan","name":"Mapait","psgc":"304919007","sourceType":"barangay-map-search"},"type":"Feature"},{"geometry":{"coordinates":[[[121.1179151,15.5937032],[121.0965935,15.6039277],[121.0960415,15.5919938],[121.1055006,15.5810794],[121.1112795,15.5782572],[121.1268655,15.5794769],[121.1179151,15.5937032]]],"type":"Polygon"},"properties":{"city":"City of Palayan","key":"Marcos Village||City of Palayan","name":"Marcos Village","psgc":"304919008","sourceType":"barangay-map-search"},"type":"Feature"},{"geometry":{"coordinates":[[[121.0635896,15.5503738],[121.0472545,15.5507376],[121.0382683,15.5450985],[121.0549409,15.526852],[121.0675671,15.5446628],[121.0635896,15.5503738]]],"type":"Polygon"},"properties":{"city":"City of Palayan","key":"Popolon Pagas||City of Palayan","name":"Popolon Pagas","psgc":"304919021","sourceType":"barangay-map-search"},"type":"Feature"},{"geometry":{"coordinates":[[[121.0967461,15.5356109],[121.0846767,15.542548],[121.0723396,15.5356057],[121.0860238,15.5258591],[121.1044391,15.526132],[121.0967461,15.5356109]]],"type":"Polygon"},"properties":{"city":"City of Palayan","key":"Santolan||City of Palayan","name":"Santolan","psgc":"304919020","sourceType":"barangay-map-search"},"type":"Feature"},{"geometry":{"coordinates":[[[121.136096,15.5792483],[121.127772,15.5957023],[121.1179151,15.5937032],[121.1268655,15.5794769],[121.136096,15.5792483]]],"type":"Polygon"},"properties":{"city":"City of Palayan","key":"Sapang Buho||City of Palayan","name":"Sapang Buho","psgc":"304919011","sourceType":"barangay-map-search"},"type":"Feature"},{"geometry":{"coordinates":[[[121.1055006,15.5810794],[121.082435,15.5825711],[121.081987,15.5714774],[121.0909042,15.5544556],[121.0957362,15.5548994],[121.1092788,15.5731103],[121.1112795,15.5782572],[121.1055006,15.5810794]]],"type":"Polygon"},"properties":{"city":"City of Palayan","key":"Singalat||City of Palayan","name":"Singalat","psgc":"304919012","sourceType":"barangay-map-search"},"type":"Feature"},{"geometry":{"coordinates":[[[120.7538389,15.7883445],[120.7777141,15.7944991],[120.7882633,15.8015487],[120.790197,15.8271822],[120.7753182,15.8340556],[120.7706982,15.8236501],[120.7586396,15.8136125],[120.7577548,15.8013254],[120.7436251,15.7946271],[120.7538389,15.7883445]]],"type":"Polygon"},"properties":{"city":"Cuyapo","key":"Baloy||Cuyapo","name":"Baloy","psgc":"304906001","sourceType":"barangay-map-search"},"type":"Feature"},{"geometry":{"coordinates":[[[120.7351179,15.7372782],[120.7330204,15.7455026],[120.7538389,15.7883445],[120.7354877,15.7723606],[120.7156991,15.753469],[120.708941,15.7363519],[120.7143209,15.7303124],[120.7351179,15.7372782]]],"type":"Polygon"},"properties":{"city":"Cuyapo","key":"Bambanaba||Cuyapo","name":"Bambanaba","psgc":"304906002","sourceType":"barangay-map-search"},"type":"Feature"},{"geometry":{"coordinates":[[[120.6843121,15.7679167],[120.6832715,15.77575],[120.6807695,15.7743005],[120.6749703,15.7716586],[120.6636466,15.7609557],[120.6594083,15.7499052],[120.6728328,15.7426957],[120.6864495,15.7578687],[120.6843121,15.7679167]]],"type":"Polygon"},"properties":{"city":"Cuyapo","key":"Bantug||Cuyapo","name":"Bantug","psgc":"304906003","sourceType":"barangay-map-search"},"type":"Feature"},{"geometry":{"coordinates":[[[120.6632412,15.7724421],[120.6579789,15.773049],[120.6575525,15.7728028],[120.6509943,15.7684807],[120.6321061,15.7595429],[120.6594083,15.7499052],[120.6636466,15.7609557],[120.6632412,15.7724421]]],"type":"Polygon"},"properties":{"city":"Cuyapo","key":"Bentigan||Cuyapo","name":"Bentigan","psgc":"304906004","sourceType":"barangay-map-search"},"type":"Feature"},{"geometry":{"coordinates":[[[120.7354877,15.7723606],[120.7299538,15.7754421],[120.6897202,15.7525724],[120.676748,15.7406047],[120.6848054,15.7351774],[120.6927313,15.7448578],[120.7156991,15.753469],[120.7354877,15.7723606]]],"type":"Polygon"},"properties":{"city":"Cuyapo","key":"Bibiclat||Cuyapo","name":"Bibiclat","psgc":"304906005","sourceType":"barangay-map-search"},"type":"Feature"},{"geometry":{"coordinates":[[[120.7586396,15.8136125],[120.7479815,15.8178549],[120.7314191,15.8097789],[120.7436251,15.7946271],[120.7577548,15.8013254],[120.7586396,15.8136125]]],"type":"Polygon"},"properties":{"city":"Cuyapo","key":"Bonifacio||Cuyapo","name":"Bonifacio","psgc":"304906006","sourceType":"barangay-map-search"},"type":"Feature"},{"geometry":{"coordinates":[[[120.6669003,15.8258658],[120.6444141,15.8236145],[120.6557184,15.8170581],[120.6643751,15.8187646],[120.6669003,15.8258658]]],"type":"Polygon"},"properties":{"city":"Cuyapo","key":"Bued||Cuyapo","name":"Bued","psgc":"304906007","sourceType":"barangay-map-search"},"type":"Feature"},{"geometry":{"coordinates":[[[120.6749703,15.7716586],[120.6739309,15.7764325],[120.6688095,15.775341],[120.6669087,15.7747157],[120.6632412,15.7724421],[120.6636466,15.7609557],[120.6749703,15.7716586]]],"type":"Polygon"},"properties":{"city":"Cuyapo","key":"Bulala||Cuyapo","name":"Bulala","psgc":"304906008","sourceType":"barangay-map-search"},"type":"Feature"},{"geometry":{"coordinates":[[[120.7299538,15.7754421],[120.7181724,15.7761762],[120.6941918,15.7680956],[120.6864495,15.7578687],[120.6728328,15.7426957],[120.676748,15.7406047],[120.6897202,15.7525724],[120.7299538,15.7754421]]],"type":"Polygon"},"properties":{"city":"Cuyapo","key":"Burgos||Cuyapo","name":"Burgos","psgc":"304906009","sourceType":"barangay-map-search"},"type":"Feature"},{"geometry":{"coordinates":[[[120.7078702,15.7820414],[120.7089998,15.7986054],[120.698838,15.7957105],[120.6951646,15.7898347],[120.7078702,15.7820414]]],"type":"Polygon"},"properties":{"city":"Cuyapo","key":"Cabatuan||Cuyapo","name":"Cabatuan","psgc":"304906011","sourceType":"barangay-map-search"},"type":"Feature"},{"geometry":{"coordinates":[[[120.7181724,15.7761762],[120.7075564,15.777416],[120.690752,15.7745436],[120.6843121,15.7679167],[120.6864495,15.7578687],[120.6941918,15.7680956],[120.7181724,15.7761762]]],"type":"Polygon"},"properties":{"city":"Cuyapo","key":"Cabileo||Cuyapo","name":"Cabileo","psgc":"304906010","sourceType":"barangay-map-search"},"type":"Feature"},{"geometry":{"coordinates":[[[120.7351291,15.7354075],[120.7351179,15.7372782],[120.7143209,15.7303124],[120.7188589,15.7132415],[120.7380935,15.7185267],[120.7351291,15.7354075]]],"type":"Polygon"},"properties":{"city":"Cuyapo","key":"Cacapasan||Cuyapo","name":"Cacapasan","psgc":"304906012","sourceType":"barangay-map-search"},"type":"Feature"},{"geometry":{"coordinates":[[[120.6502364,15.7984608],[120.6423937,15.8125653],[120.6378702,15.8112068],[120.6359115,15.81057],[120.6366453,15.7995908],[120.64744,15.7937996],[120.6502364,15.7984608]]],"type":"Polygon"},"properties":{"city":"Cuyapo","key":"Calancuasan Norte||Cuyapo","name":"Calancuasan Norte","psgc":"304906013","sourceType":"barangay-map-search"},"type":"Feature"},{"geometry":{"coordinates":[[[120.64744,15.7937996],[120.6366453,15.7995908],[120.6204328,15.7890711],[120.6221394,15.780651],[120.6311871,15.7791038],[120.6406422,15.7809057],[120.6467467,15.7845419],[120.64744,15.7937996]]],"type":"Polygon"},"properties":{"city":"Cuyapo","key":"Calancuasan Sur||Cuyapo","name":"Calancuasan Sur","psgc":"304906014","sourceType":"barangay-map-search"},"type":"Feature"},{"geometry":{"coordinates":[[[120.7436251,15.7946271],[120.7314191,15.8097789],[120.7130232,15.800769],[120.7089998,15.7986054],[120.7078702,15.7820414],[120.7070058,15.780602],[120.7075564,15.777416],[120.7181724,15.7761762],[120.7299538,15.7754421],[120.7354877,15.7723606],[120.7538389,15.7883445],[120.7436251,15.7946271]]],"type":"Polygon"},"properties":{"city":"Cuyapo","key":"Colosboa||Cuyapo","name":"Colosboa","psgc":"304906015","sourceType":"barangay-map-search"},"type":"Feature"},{"geometry":{"coordinates":[[[120.7206865,15.8258349],[120.7139863,15.8328448],[120.7130232,15.800769],[120.7314191,15.8097789],[120.7206865,15.8258349]]],"type":"Polygon"},"properties":{"city":"Cuyapo","key":"Columbitin||Cuyapo","name":"Columbitin","psgc":"304906016","sourceType":"barangay-map-search"},"type":"Feature"},{"geometry":{"coordinates":[[[120.7078702,15.7820414],[120.6951646,15.7898347],[120.6799884,15.7839656],[120.6807695,15.7743005],[120.6832715,15.77575],[120.6931771,15.7813797],[120.7070058,15.780602],[120.7078702,15.7820414]]],"type":"Polygon"},"properties":{"city":"Cuyapo","key":"Curva||Cuyapo","name":"Curva","psgc":"304906017","sourceType":"barangay-map-search"},"type":"Feature"},{"geometry":{"coordinates":[[[120.6654441,15.7786368],[120.6650854,15.7817739],[120.6623557,15.7813296],[120.6627594,15.7793181],[120.6637506,15.7783498],[120.6654441,15.7786368]]],"type":"Polygon"},"properties":{"city":"Cuyapo","key":"District I||Cuyapo","name":"District I","psgc":"304906018","sourceType":"barangay-map-search"},"type":"Feature"},{"geometry":{"coordinates":[[[120.6660612,15.7819234],[120.667444,15.7920112],[120.661172,15.7866542],[120.6623557,15.7813296],[120.6650854,15.7817739],[120.6660612,15.7819234]]],"type":"Polygon"},"properties":{"city":"Cuyapo","key":"District II||Cuyapo","name":"District II","psgc":"304906019","sourceType":"barangay-map-search"},"type":"Feature"},{"geometry":{"coordinates":[[[120.6699104,15.7789766],[120.671464,15.7832883],[120.6660612,15.7819234],[120.6650854,15.7817739],[120.6654441,15.7786368],[120.66642,15.778723],[120.6699104,15.7789766]]],"type":"Polygon"},"properties":{"city":"Cuyapo","key":"District IV||Cuyapo","name":"District IV","psgc":"304906021","sourceType":"barangay-map-search"},"type":"Feature"},{"geometry":{"coordinates":[[[120.6688095,15.775341],[120.6699104,15.7789766],[120.66642,15.778723],[120.6669087,15.7747157],[120.6688095,15.775341]]],"type":"Polygon"},"properties":{"city":"Cuyapo","key":"District V||Cuyapo","name":"District V","psgc":"304906022","sourceType":"barangay-map-search"},"type":"Feature"},{"geometry":{"coordinates":[[[120.6637506,15.7783498],[120.6627594,15.7793181],[120.6574374,15.778299],[120.6575525,15.7728028],[120.6579789,15.773049],[120.6637506,15.7783498]]],"type":"Polygon"},"properties":{"city":"Cuyapo","key":"District VI||Cuyapo","name":"District VI","psgc":"304906023","sourceType":"barangay-map-search"},"type":"Feature"},{"geometry":{"coordinates":[[[120.6669087,15.7747157],[120.66642,15.778723],[120.6654441,15.7786368],[120.6637506,15.7783498],[120.6579789,15.773049],[120.6632412,15.7724421],[120.6669087,15.7747157]]],"type":"Polygon"},"properties":{"city":"Cuyapo","key":"District VII||Cuyapo","name":"District VII","psgc":"304906024","sourceType":"barangay-map-search"},"type":"Feature"},{"geometry":{"coordinates":[[[120.6623557,15.7813296],[120.661172,15.7866542],[120.6585562,15.7838788],[120.6574374,15.778299],[120.6627594,15.7793181],[120.6623557,15.7813296]]],"type":"Polygon"},"properties":{"city":"Cuyapo","key":"District VIII||Cuyapo","name":"District VIII","psgc":"304906025","sourceType":"barangay-map-search"},"type":"Feature"},{"geometry":{"coordinates":[[[120.6673757,15.7977355],[120.6502364,15.7984608],[120.64744,15.7937996],[120.6467467,15.7845419],[120.6585562,15.7838788],[120.661172,15.7866542],[120.667444,15.7920112],[120.6673757,15.7977355]]],"type":"Polygon"},"properties":{"city":"Cuyapo","key":"Landig||Cuyapo","name":"Landig","psgc":"304906026","sourceType":"barangay-map-search"},"type":"Feature"},{"geometry":{"coordinates":[[[120.6786914,15.7840482],[120.6752526,15.8003709],[120.6673757,15.7977355],[120.667444,15.7920112],[120.6660612,15.7819234],[120.671464,15.7832883],[120.6736426,15.7836451],[120.6786914,15.7840482]]],"type":"Polygon"},"properties":{"city":"Cuyapo","key":"Latap||Cuyapo","name":"Latap","psgc":"304906027","sourceType":"barangay-map-search"},"type":"Feature"},{"geometry":{"coordinates":[[[120.6575525,15.7728028],[120.6406422,15.7809057],[120.6311871,15.7791038],[120.6342803,15.7711756],[120.6509943,15.7684807],[120.6575525,15.7728028]]],"type":"Polygon"},"properties":{"city":"Cuyapo","key":"Loob||Cuyapo","name":"Loob","psgc":"304906028","sourceType":"barangay-map-search"},"type":"Feature"},{"geometry":{"coordinates":[[[120.6557184,15.8170581],[120.6444141,15.8236145],[120.6372106,15.8210913],[120.6378702,15.8112068],[120.6423937,15.8125653],[120.6557184,15.8170581]]],"type":"Polygon"},"properties":{"city":"Cuyapo","key":"Luna||Cuyapo","name":"Luna","psgc":"304906029","sourceType":"barangay-map-search"},"type":"Feature"},{"geometry":{"coordinates":[[[120.6509943,15.7684807],[120.6342803,15.7711756],[120.6237928,15.7663682],[120.6321061,15.7595429],[120.6509943,15.7684807]]],"type":"Polygon"},"properties":{"city":"Cuyapo","key":"Malbeg-Patalan||Cuyapo","name":"Malbeg-Patalan","psgc":"304906030","sourceType":"barangay-map-search"},"type":"Feature"},{"geometry":{"coordinates":[[[120.6919984,15.8090129],[120.6911961,15.8152286],[120.6756919,15.806086],[120.6752526,15.8003709],[120.6786914,15.7840482],[120.6799884,15.7839656],[120.6951646,15.7898347],[120.698838,15.7957105],[120.6919984,15.8090129]]],"type":"Polygon"},"properties":{"city":"Cuyapo","key":"Malineng||Cuyapo","name":"Malineng","psgc":"304906031","sourceType":"barangay-map-search"},"type":"Feature"},{"geometry":{"coordinates":[[[120.7070058,15.780602],[120.6931771,15.7813797],[120.6832715,15.77575],[120.6843121,15.7679167],[120.690752,15.7745436],[120.7075564,15.777416],[120.7070058,15.780602]]],"type":"Polygon"},"properties":{"city":"Cuyapo","key":"Matindeg||Cuyapo","name":"Matindeg","psgc":"304906032","sourceType":"barangay-map-search"},"type":"Feature"},{"geometry":{"coordinates":[[[120.6756919,15.806086],[120.6643751,15.8187646],[120.6557184,15.8170581],[120.6423937,15.8125653],[120.6502364,15.7984608],[120.6673757,15.7977355],[120.6752526,15.8003709],[120.6756919,15.806086]]],"type":"Polygon"},"properties":{"city":"Cuyapo","key":"Maycaban||Cuyapo","name":"Maycaban","psgc":"304906033","sourceType":"barangay-map-search"},"type":"Feature"},{"geometry":{"coordinates":[[[120.730893,15.8510103],[120.7087824,15.8400267],[120.7139863,15.8328448],[120.7206865,15.8258349],[120.7337365,15.8331459],[120.730893,15.8510103]]],"type":"Polygon"},"properties":{"city":"Cuyapo","key":"Nagcuralan||Cuyapo","name":"Nagcuralan","psgc":"304906034","sourceType":"barangay-map-search"},"type":"Feature"},{"geometry":{"coordinates":[[[120.708941,15.7363519],[120.7156991,15.753469],[120.6927313,15.7448578],[120.6848054,15.7351774],[120.6949594,15.7248374],[120.6983812,15.7257001],[120.708941,15.7363519]]],"type":"Polygon"},"properties":{"city":"Cuyapo","key":"Nagmisahan||Cuyapo","name":"Nagmisahan","psgc":"304906035","sourceType":"barangay-map-search"},"type":"Feature"},{"geometry":{"coordinates":[[[120.7565038,15.8401229],[120.7473518,15.8512787],[120.730893,15.8510103],[120.7337365,15.8331459],[120.7386659,15.825781],[120.7560091,15.8252282],[120.7565038,15.8401229]]],"type":"Polygon"},"properties":{"city":"Cuyapo","key":"Paitan Norte||Cuyapo","name":"Paitan Norte","psgc":"304906036","sourceType":"barangay-map-search"},"type":"Feature"},{"geometry":{"coordinates":[[[120.7560091,15.8252282],[120.7386659,15.825781],[120.7337365,15.8331459],[120.7206865,15.8258349],[120.7314191,15.8097789],[120.7479815,15.8178549],[120.7560091,15.8252282]]],"type":"Polygon"},"properties":{"city":"Cuyapo","key":"Paitan Sur||Cuyapo","name":"Paitan Sur","psgc":"304906037","sourceType":"barangay-map-search"},"type":"Feature"},{"geometry":{"coordinates":[[[120.6311871,15.7791038],[120.6221394,15.780651],[120.6237928,15.7663682],[120.6342803,15.7711756],[120.6311871,15.7791038]]],"type":"Polygon"},"properties":{"city":"Cuyapo","key":"Piglisan||Cuyapo","name":"Piglisan","psgc":"304906038","sourceType":"barangay-map-search"},"type":"Feature"},{"geometry":{"coordinates":[[[120.6786914,15.7840482],[120.6736426,15.7836451],[120.6739309,15.7764325],[120.6749703,15.7716586],[120.6807695,15.7743005],[120.6799884,15.7839656],[120.6786914,15.7840482]]],"type":"Polygon"},"properties":{"city":"Cuyapo","key":"Pugo||Cuyapo","name":"Pugo","psgc":"304906039","sourceType":"barangay-map-search"},"type":"Feature"},{"geometry":{"coordinates":[[[120.7561949,15.7409583],[120.7429977,15.7413667],[120.7351291,15.7354075],[120.7380935,15.7185267],[120.737874,15.7180538],[120.7585767,15.725526],[120.7561949,15.7409583]]],"type":"Polygon"},"properties":{"city":"Cuyapo","key":"Rizal||Cuyapo","name":"Rizal","psgc":"304906040","sourceType":"barangay-map-search"},"type":"Feature"},{"geometry":{"coordinates":[[[120.6891926,15.8309263],[120.6734715,15.8316392],[120.6669003,15.8258658],[120.6643751,15.8187646],[120.6756919,15.806086],[120.6911961,15.8152286],[120.6891926,15.8309263]]],"type":"Polygon"},"properties":{"city":"Cuyapo","key":"Sabit||Cuyapo","name":"Sabit","psgc":"304906041","sourceType":"barangay-map-search"},"type":"Feature"},{"geometry":{"coordinates":[[[120.7130232,15.800769],[120.7139863,15.8328448],[120.7037958,15.8133191],[120.6919984,15.8090129],[120.698838,15.7957105],[120.7089998,15.7986054],[120.7130232,15.800769]]],"type":"Polygon"},"properties":{"city":"Cuyapo","key":"Salagusog||Cuyapo","name":"Salagusog","psgc":"304906042","sourceType":"barangay-map-search"},"type":"Feature"},{"geometry":{"coordinates":[[[120.7188589,15.7132415],[120.7143209,15.7303124],[120.6983812,15.7257001],[120.6949594,15.7248374],[120.7055858,15.7079149],[120.7188589,15.7132415]]],"type":"Polygon"},"properties":{"city":"Cuyapo","key":"San Antonio||Cuyapo","name":"San Antonio","psgc":"304906043","sourceType":"barangay-map-search"},"type":"Feature"},{"geometry":{"coordinates":[[[120.6739309,15.7764325],[120.6736426,15.7836451],[120.671464,15.7832883],[120.6699104,15.7789766],[120.6688095,15.775341],[120.6739309,15.7764325]]],"type":"Polygon"},"properties":{"city":"Cuyapo","key":"San Jose||Cuyapo","name":"San Jose","psgc":"304906044","sourceType":"barangay-map-search"},"type":"Feature"},{"geometry":{"coordinates":[[[120.7753182,15.8340556],[120.7565038,15.8401229],[120.7560091,15.8252282],[120.7479815,15.8178549],[120.7586396,15.8136125],[120.7706982,15.8236501],[120.7753182,15.8340556]]],"type":"Polygon"},"properties":{"city":"Cuyapo","key":"San Juan||Cuyapo","name":"San Juan","psgc":"304906045","sourceType":"barangay-map-search"},"type":"Feature"},{"geometry":{"coordinates":[[[120.7380935,15.7185267],[120.7188589,15.7132415],[120.7055858,15.7079149],[120.7175156,15.7059405],[120.737874,15.7180538],[120.7380935,15.7185267]]],"type":"Polygon"},"properties":{"city":"Cuyapo","key":"Santa Clara||Cuyapo","name":"Santa Clara","psgc":"304906046","sourceType":"barangay-map-search"},"type":"Feature"},{"geometry":{"coordinates":[[[120.7561949,15.7409583],[120.7501249,15.7571006],[120.7538389,15.7883445],[120.7330204,15.7455026],[120.7351179,15.7372782],[120.7351291,15.7354075],[120.7429977,15.7413667],[120.7561949,15.7409583]]],"type":"Polygon"},"properties":{"city":"Cuyapo","key":"Santa Cruz||Cuyapo","name":"Santa Cruz","psgc":"304906047","sourceType":"barangay-map-search"},"type":"Feature"},{"geometry":{"coordinates":[[[120.7139863,15.8328448],[120.7087824,15.8400267],[120.6891926,15.8309263],[120.6911961,15.8152286],[120.6919984,15.8090129],[120.7037958,15.8133191],[120.7139863,15.8328448]]],"type":"Polygon"},"properties":{"city":"Cuyapo","key":"Simimbaan||Cuyapo","name":"Simimbaan","psgc":"304906048","sourceType":"barangay-map-search"},"type":"Feature"},{"geometry":{"coordinates":[[[120.7143209,15.7303124],[120.708941,15.7363519],[120.6983812,15.7257001],[120.7143209,15.7303124]]],"type":"Polygon"},"properties":{"city":"Cuyapo","key":"Tagtagumbao||Cuyapo","name":"Tagtagumbao","psgc":"304906049","sourceType":"barangay-map-search"},"type":"Feature"},{"geometry":{"coordinates":[[[120.6585562,15.7838788],[120.6467467,15.7845419],[120.6406422,15.7809057],[120.6575525,15.7728028],[120.6574374,15.778299],[120.6585562,15.7838788]]],"type":"Polygon"},"properties":{"city":"Cuyapo","key":"Tutuloy||Cuyapo","name":"Tutuloy","psgc":"304906050","sourceType":"barangay-map-search"},"type":"Feature"},{"geometry":{"coordinates":[[[120.6366453,15.7995908],[120.6359115,15.81057],[120.617173,15.8051541],[120.6204328,15.7890711],[120.6366453,15.7995908]]],"type":"Polygon"},"properties":{"city":"Cuyapo","key":"Ungab||Cuyapo","name":"Ungab","psgc":"304906051","sourceType":"barangay-map-search"},"type":"Feature"},{"geometry":{"coordinates":[[[120.6378702,15.8112068],[120.6372106,15.8210913],[120.6150637,15.8155612],[120.617173,15.8051541],[120.6359115,15.81057],[120.6378702,15.8112068]]],"type":"Polygon"},"properties":{"city":"Cuyapo","key":"Villaflores||Cuyapo","name":"Villaflores","psgc":"304906052","sourceType":"barangay-map-search"},"type":"Feature"},{"geometry":{"coordinates":[[[121.3217138,15.5024805],[121.2830202,15.4925716],[121.3036223,15.4767104],[121.3106562,15.4698297],[121.321269,15.5011024],[121.3217138,15.5024805]]],"type":"Polygon"},"properties":{"city":"Gabaldon","key":"Bagong Sikat||Gabaldon","name":"Bagong Sikat","psgc":"304907001","sourceType":"barangay-map-search"},"type":"Feature"},{"geometry":{"coordinates":[[[121.3444437,15.5829315],[121.3266157,15.6341593],[121.2727138,15.6153746],[121.2344238,15.5360511],[121.1744789,15.516342],[121.1793946,15.5019728],[121.2740736,15.5372794],[121.3444437,15.5829315]]],"type":"Polygon"},"properties":{"city":"Gabaldon","key":"Bagting||Gabaldon","name":"Bagting","psgc":"304907002","sourceType":"barangay-map-search"},"type":"Feature"},{"geometry":{"coordinates":[[[121.3336351,15.449498],[121.3318292,15.4538943],[121.2517626,15.417084],[121.2993367,15.4043692],[121.3413086,15.4411795],[121.337021,15.4440647],[121.3336351,15.449498]]],"type":"Polygon"},"properties":{"city":"Gabaldon","key":"Bantug||Gabaldon","name":"Bantug","psgc":"304907003","sourceType":"barangay-map-search"},"type":"Feature"},{"geometry":{"coordinates":[[[121.3494727,15.4542664],[121.3354948,15.4619835],[121.3255997,15.4618067],[121.3318292,15.4538943],[121.3336351,15.449498],[121.3454531,15.453189],[121.3494727,15.4542664]]],"type":"Polygon"},"properties":{"city":"Gabaldon","key":"Bitulok||Gabaldon","name":"Bitulok","psgc":"304907004","sourceType":"barangay-map-search"},"type":"Feature"},{"geometry":{"coordinates":[[[121.3036223,15.4767104],[121.2830202,15.4925716],[121.2636969,15.479634],[121.1826023,15.481351],[121.1802967,15.4117213],[121.2073475,15.4291987],[121.2882169,15.4592932],[121.3036223,15.4767104]]],"type":"Polygon"},"properties":{"city":"Gabaldon","key":"Bugnan||Gabaldon","name":"Bugnan","psgc":"304907005","sourceType":"barangay-map-search"},"type":"Feature"},{"geometry":{"coordinates":[[[121.3541896,15.5549274],[121.3444437,15.5829315],[121.2740736,15.5372794],[121.1793946,15.5019728],[121.1805278,15.4940129],[121.2820066,15.5197332],[121.3541896,15.5549274]]],"type":"Polygon"},"properties":{"city":"Gabaldon","key":"Calabasa||Gabaldon","name":"Calabasa","psgc":"304907006","sourceType":"barangay-map-search"},"type":"Feature"},{"geometry":{"coordinates":[[[121.3106562,15.4698297],[121.3036223,15.4767104],[121.2882169,15.4592932],[121.2073475,15.4291987],[121.2517626,15.417084],[121.3318292,15.4538943],[121.3255997,15.4618067],[121.324292,15.4636515],[121.3106562,15.4698297]]],"type":"Polygon"},"properties":{"city":"Gabaldon","key":"Camachile||Gabaldon","name":"Camachile","psgc":"304907007","sourceType":"barangay-map-search"},"type":"Feature"},{"geometry":{"coordinates":[[[121.3668755,15.4399274],[121.3703631,15.4534288],[121.3413086,15.4411795],[121.2993367,15.4043692],[121.3401131,15.3933308],[121.3668755,15.4399274]]],"type":"Polygon"},"properties":{"city":"Gabaldon","key":"Cuyapa||Gabaldon","name":"Cuyapa","psgc":"304907008","sourceType":"barangay-map-search"},"type":"Feature"},{"geometry":{"coordinates":[[[121.3621208,15.5321377],[121.3541896,15.5549274],[121.2820066,15.5197332],[121.1805278,15.4940129],[121.1826023,15.481351],[121.2636969,15.479634],[121.2830202,15.4925716],[121.3217138,15.5024805],[121.3621208,15.5321377]]],"type":"Polygon"},"properties":{"city":"Gabaldon","key":"Ligaya||Gabaldon","name":"Ligaya","psgc":"304907009","sourceType":"barangay-map-search"},"type":"Feature"},{"geometry":{"coordinates":[[[121.3728631,15.4631065],[121.3764443,15.4769699],[121.3354948,15.4619835],[121.3494727,15.4542664],[121.3728631,15.4631065]]],"type":"Polygon"},"properties":{"city":"Gabaldon","key":"Macasandal||Gabaldon","name":"Macasandal","psgc":"304907010","sourceType":"barangay-map-search"},"type":"Feature"},{"geometry":{"coordinates":[[[121.3758035,15.4928215],[121.3621208,15.5321377],[121.3217138,15.5024805],[121.321269,15.5011024],[121.3351473,15.472986],[121.3758035,15.4928215]]],"type":"Polygon"},"properties":{"city":"Gabaldon","key":"Malinao||Gabaldon","name":"Malinao","psgc":"304907011","sourceType":"barangay-map-search"},"type":"Feature"},{"geometry":{"coordinates":[[[121.3764443,15.4769699],[121.3758035,15.4928215],[121.3351473,15.472986],[121.324292,15.4636515],[121.3255997,15.4618067],[121.3354948,15.4619835],[121.3764443,15.4769699]]],"type":"Polygon"},"properties":{"city":"Gabaldon","key":"Pantoc||Gabaldon","name":"Pantoc","psgc":"304907012","sourceType":"barangay-map-search"},"type":"Feature"},{"geometry":{"coordinates":[[[121.3401131,15.3933308],[121.3464436,15.3912975],[121.3510929,15.3911751],[121.3526834,15.3974149],[121.3583577,15.4069535],[121.3668755,15.4399274],[121.3549365,15.4314693],[121.3491691,15.4302218],[121.3505257,15.4274886],[121.3482115,15.4239374],[121.3449396,15.422501],[121.3467551,15.4166755],[121.346381,15.4139399],[121.3420718,15.4134685],[121.3426778,15.4098326],[121.3411291,15.407678],[121.3438898,15.3998001],[121.3405232,15.3991941],[121.3401131,15.3933308]]],"type":"Polygon"},"properties":{"city":"Gabaldon","key":"Pinamalisan||Gabaldon","name":"Pinamalisan","psgc":"304907013","sourceType":"barangay-map-search"},"type":"Feature"},{"geometry":{"coordinates":[[[121.3703631,15.4534288],[121.3728631,15.4631065],[121.3494727,15.4542664],[121.3454531,15.453189],[121.337021,15.4440647],[121.3413086,15.4411795],[121.3703631,15.4534288]]],"type":"Polygon"},"properties":{"city":"Gabaldon","key":"Sawmill||Gabaldon","name":"Sawmill","psgc":"304907015","sourceType":"barangay-map-search"},"type":"Feature"},{"geometry":{"coordinates":[[[121.3454531,15.453189],[121.3336351,15.449498],[121.337021,15.4440647],[121.3454531,15.453189]]],"type":"Polygon"},"properties":{"city":"Gabaldon","key":"South Poblacion||Gabaldon","name":"South Poblacion","psgc":"304907014","sourceType":"barangay-map-search"},"type":"Feature"},{"geometry":{"coordinates":[[[121.3351473,15.472986],[121.321269,15.5011024],[121.3106562,15.4698297],[121.324292,15.4636515],[121.3351473,15.472986]]],"type":"Polygon"},"properties":{"city":"Gabaldon","key":"Tagumpay||Gabaldon","name":"Tagumpay","psgc":"304907016","sourceType":"barangay-map-search"},"type":"Feature"},{"geometry":{"coordinates":[[[121.0394712,15.6198361],[121.0338927,15.6156918],[121.0269483,15.5956409],[121.0459014,15.5950488],[121.0494768,15.5953976],[121.0426217,15.6043797],[121.0489785,15.6173808],[121.0394712,15.6198361]]],"type":"Polygon"},"properties":{"city":"General Mamerto Natividad","key":"Balangkare Norte||General Mamerto Natividad","name":"Balangkare Norte","psgc":"304909002","sourceType":"barangay-map-search"},"type":"Feature"},{"geometry":{"coordinates":[[[121.0459014,15.5950488],[121.0269483,15.5956409],[121.0299924,15.5797447],[121.0412992,15.576065],[121.0457477,15.5891056],[121.0459014,15.5950488]]],"type":"Polygon"},"properties":{"city":"General Mamerto Natividad","key":"Balangkare Sur||General Mamerto Natividad","name":"Balangkare Sur","psgc":"304909003","sourceType":"barangay-map-search"},"type":"Feature"},{"geometry":{"coordinates":[[[121.1256612,15.6255489],[121.1104117,15.6263998],[121.0967249,15.6168619],[121.0974922,15.6047257],[121.1188858,15.5934134],[121.135008,15.6104467],[121.1256612,15.6255489]]],"type":"Polygon"},"properties":{"city":"General Mamerto Natividad","key":"Balaring||General Mamerto Natividad","name":"Balaring","psgc":"304909004","sourceType":"barangay-map-search"},"type":"Feature"},{"geometry":{"coordinates":[[[121.0583238,15.587069],[121.0457477,15.5891056],[121.0412992,15.576065],[121.0529189,15.5685347],[121.0592886,15.569828],[121.0660231,15.5855421],[121.0583238,15.587069]]],"type":"Polygon"},"properties":{"city":"General Mamerto Natividad","key":"Belen||General Mamerto Natividad","name":"Belen","psgc":"304909005","sourceType":"barangay-map-search"},"type":"Feature"},{"geometry":{"coordinates":[[[121.0819193,15.5816856],[121.0746378,15.5835978],[121.0745039,15.5554671],[121.0898931,15.5523748],[121.0879649,15.5652537],[121.081987,15.5714774],[121.0819193,15.5816856]]],"type":"Polygon"},"properties":{"city":"General Mamerto Natividad","key":"Bravo||General Mamerto Natividad","name":"Bravo","psgc":"304909006","sourceType":"barangay-map-search"},"type":"Feature"},{"geometry":{"coordinates":[[[120.9925648,15.5441212],[120.9991026,15.5591059],[120.9971084,15.5676811],[120.9857524,15.5647683],[120.9817096,15.5434003],[120.9925648,15.5441212]]],"type":"Polygon"},"properties":{"city":"General Mamerto Natividad","key":"Burol||General Mamerto Natividad","name":"Burol","psgc":"304909007","sourceType":"barangay-map-search"},"type":"Feature"},{"geometry":{"coordinates":[[[121.0252439,15.5376404],[121.0262517,15.5737315],[121.013812,15.5716521],[121.0110471,15.5484135],[121.0042779,15.5422495],[121.0191683,15.5418242],[121.0252439,15.5376404]]],"type":"Polygon"},"properties":{"city":"General Mamerto Natividad","key":"Kabulihan||General Mamerto Natividad","name":"Kabulihan","psgc":"304909009","sourceType":"barangay-map-search"},"type":"Feature"},{"geometry":{"coordinates":[[[121.0583238,15.587069],[121.0616447,15.600162],[121.0494768,15.5953976],[121.0459014,15.5950488],[121.0457477,15.5891056],[121.0583238,15.587069]]],"type":"Polygon"},"properties":{"city":"General Mamerto Natividad","key":"Mag-asawang Sampaloc||General Mamerto Natividad","name":"Mag-asawang Sampaloc","psgc":"304909010","sourceType":"barangay-map-search"},"type":"Feature"},{"geometry":{"coordinates":[[[121.0435894,15.6350657],[121.0268103,15.6383139],[121.019234,15.6211865],[121.0218866,15.6131005],[121.0338927,15.6156918],[121.0394712,15.6198361],[121.0435894,15.6350657]]],"type":"Polygon"},"properties":{"city":"General Mamerto Natividad","key":"Manarog||General Mamerto Natividad","name":"Manarog","psgc":"304909011","sourceType":"barangay-map-search"},"type":"Feature"},{"geometry":{"coordinates":[[[121.0269483,15.5956409],[121.0338927,15.6156918],[121.0218866,15.6131005],[121.0078537,15.6041303],[121.0053591,15.5893127],[121.0149994,15.579406],[121.0299924,15.5797447],[121.0269483,15.5956409]]],"type":"Polygon"},"properties":{"city":"General Mamerto Natividad","key":"Mataas na Kahoy||General Mamerto Natividad","name":"Mataas na Kahoy","psgc":"304909012","sourceType":"barangay-map-search"},"type":"Feature"},{"geometry":{"coordinates":[[[121.0946269,15.5957774],[121.0869105,15.5975088],[121.0869462,15.5824255],[121.1055006,15.5810794],[121.0946269,15.5957774]]],"type":"Polygon"},"properties":{"city":"General Mamerto Natividad","key":"Panacsac||General Mamerto Natividad","name":"Panacsac","psgc":"304909014","sourceType":"barangay-map-search"},"type":"Feature"},{"geometry":{"coordinates":[[[121.0974922,15.6047257],[121.0967249,15.6168619],[121.0866388,15.6154685],[121.0869105,15.5975088],[121.0946269,15.5957774],[121.0974922,15.6047257]]],"type":"Polygon"},"properties":{"city":"General Mamerto Natividad","key":"Picaleon||General Mamerto Natividad","name":"Picaleon","psgc":"304909016","sourceType":"barangay-map-search"},"type":"Feature"},{"geometry":{"coordinates":[[[121.0828947,15.6280506],[121.0651403,15.6362478],[121.0602981,15.6325362],[121.0435894,15.6350657],[121.0394712,15.6198361],[121.0489785,15.6173808],[121.0683177,15.6169794],[121.0810959,15.61986],[121.0828947,15.6280506]]],"type":"Polygon"},"properties":{"city":"General Mamerto Natividad","key":"Pinahan||General Mamerto Natividad","name":"Pinahan","psgc":"304909017","sourceType":"barangay-map-search"},"type":"Feature"},{"geometry":{"coordinates":[[[121.0412992,15.576065],[121.0299924,15.5797447],[121.0262517,15.5737315],[121.0252439,15.5376404],[121.030119,15.5465174],[121.0382683,15.5450985],[121.0472545,15.5507376],[121.0546339,15.5479558],[121.0529189,15.5685347],[121.0412992,15.576065]]],"type":"Polygon"},"properties":{"city":"General Mamerto Natividad","key":"Platero||General Mamerto Natividad","name":"Platero","psgc":"304909018","sourceType":"barangay-map-search"},"type":"Feature"},{"geometry":{"coordinates":[[[121.0683177,15.6169794],[121.0489785,15.6173808],[121.0426217,15.6043797],[121.0494768,15.5953976],[121.0616447,15.600162],[121.0683177,15.6169794]]],"type":"Polygon"},"properties":{"city":"General Mamerto Natividad","key":"Poblacion||General Mamerto Natividad","name":"Poblacion","psgc":"304909019","sourceType":"barangay-map-search"},"type":"Feature"},{"geometry":{"coordinates":[[[121.0299924,15.5797447],[121.0149994,15.579406],[121.0053591,15.5893127],[120.9903276,15.5785456],[120.9857524,15.5647683],[120.9971084,15.5676811],[121.013812,15.5716521],[121.0262517,15.5737315],[121.0299924,15.5797447]]],"type":"Polygon"},"properties":{"city":"General Mamerto Natividad","key":"Pula||General Mamerto Natividad","name":"Pula","psgc":"304909020","sourceType":"barangay-map-search"},"type":"Feature"},{"geometry":{"coordinates":[[[121.1256612,15.6255489],[121.1291733,15.6347693],[121.1038253,15.6356087],[121.0828947,15.6280506],[121.0810959,15.61986],[121.0866388,15.6154685],[121.0967249,15.6168619],[121.1104117,15.6263998],[121.1256612,15.6255489]]],"type":"Polygon"},"properties":{"city":"General Mamerto Natividad","key":"Pulong Singkamas||General Mamerto Natividad","name":"Pulong Singkamas","psgc":"304909021","sourceType":"barangay-map-search"},"type":"Feature"},{"geometry":{"coordinates":[[[121.0042779,15.5422495],[121.0110471,15.5484135],[121.013812,15.5716521],[120.9971084,15.5676811],[120.9991026,15.5591059],[120.9925648,15.5441212],[121.0042779,15.5422495]]],"type":"Polygon"},"properties":{"city":"General Mamerto Natividad","key":"Sapang Bato||General Mamerto Natividad","name":"Sapang Bato","psgc":"304909023","sourceType":"barangay-map-search"},"type":"Feature"},{"geometry":{"coordinates":[[[121.0866388,15.6154685],[121.0810959,15.61986],[121.0683177,15.6169794],[121.0616447,15.600162],[121.0583238,15.587069],[121.0660231,15.5855421],[121.0746378,15.5835978],[121.0819193,15.5816856],[121.0869462,15.5824255],[121.0869105,15.5975088],[121.0866388,15.6154685]]],"type":"Polygon"},"properties":{"city":"General Mamerto Natividad","key":"Talabutab Norte||General Mamerto Natividad","name":"Talabutab Norte","psgc":"304909025","sourceType":"barangay-map-search"},"type":"Feature"},{"geometry":{"coordinates":[[[121.0746378,15.5835978],[121.0660231,15.5855421],[121.0592886,15.569828],[121.0529189,15.5685347],[121.0546339,15.5479558],[121.0745039,15.5554671],[121.0746378,15.5835978]]],"type":"Polygon"},"properties":{"city":"General Mamerto Natividad","key":"Talabutab Sur||General Mamerto Natividad","name":"Talabutab Sur","psgc":"304909026","sourceType":"barangay-map-search"},"type":"Feature"},{"geometry":{"coordinates":[[[121.1116488,15.4029842],[121.1038226,15.4095702],[121.0999736,15.4080306],[121.0957541,15.4075602],[121.0932309,15.4085723],[121.0905651,15.4119936],[121.0854475,15.4127491],[121.0825336,15.4157569],[121.0794634,15.4123733],[121.081244,15.409627],[121.0852759,15.4060477],[121.0863213,15.3980062],[121.0896162,15.3964877],[121.1047578,15.4006014],[121.1116488,15.4029842]]],"type":"Polygon"},"properties":{"city":"General Tinio","key":"Bago||General Tinio","name":"Bago","psgc":"304910001","sourceType":"barangay-map-search"},"type":"Feature"},{"geometry":{"coordinates":[[[121.0597986,15.3477162],[121.05587,15.3598324],[121.0498038,15.3517373],[121.0506644,15.3464844],[121.0495285,15.3407888],[121.0597986,15.3477162]]],"type":"Polygon"},"properties":{"city":"General Tinio","key":"Concepcion||General Tinio","name":"Concepcion","psgc":"304910002","sourceType":"barangay-map-search"},"type":"Feature"},{"geometry":{"coordinates":[[[121.081244,15.409627],[121.065758,15.4049842],[121.0611812,15.3841089],[121.1072729,15.3685999],[121.1278022,15.3553741],[121.1778323,15.364309],[121.1822944,15.3832188],[121.1574862,15.3822058],[121.145311,15.4102773],[121.1116488,15.4029842],[121.081244,15.409627]]],"type":"Polygon"},"properties":{"city":"General Tinio","key":"Nazareth||General Tinio","name":"Nazareth","psgc":"304910003","sourceType":"barangay-map-search"},"type":"Feature"},{"geometry":{"coordinates":[[[121.0338442,15.3542393],[121.0340749,15.339387],[121.0346251,15.3491104],[121.0338442,15.3542393]]],"type":"Polygon"},"properties":{"city":"General Tinio","key":"Padolina||General Tinio","name":"Padolina","psgc":"304910004","sourceType":"barangay-map-search"},"type":"Feature"},{"geometry":{"coordinates":[[[121.3486228,15.3594471],[121.3401131,15.3933308],[121.2073475,15.4291987],[121.1802967,15.4117213],[121.145311,15.4102773],[121.1574862,15.3822058],[121.1822944,15.3832188],[121.3486228,15.3594471]]],"type":"Polygon"},"properties":{"city":"General Tinio","key":"Palale||General Tinio","name":"Palale","psgc":"304910018","sourceType":"barangay-map-search"},"type":"Feature"},{"geometry":{"coordinates":[[[121.3324572,15.2858652],[121.2847128,15.2933806],[121.2562003,15.282805],[121.1770413,15.2823438],[121.1507063,15.3014894],[121.1205656,15.2988255],[121.0902611,15.3421304],[121.0597986,15.3477162],[121.0495285,15.3407888],[121.0480831,15.340357],[121.0765915,15.3263928],[121.1397502,15.2713745],[121.1795747,15.2706157],[121.2065352,15.2204409],[121.2509378,15.2017906],[121.3121526,15.1987697],[121.3324572,15.2858652]]],"type":"Polygon"},"properties":{"city":"General Tinio","key":"Pias||General Tinio","name":"Pias","psgc":"304910005","sourceType":"barangay-map-search"},"type":"Feature"},{"geometry":{"coordinates":[[[121.0461643,15.3490606],[121.0421281,15.3595448],[121.0409867,15.3489536],[121.0422523,15.339921],[121.0430534,15.3401547],[121.0460735,15.348782],[121.0461643,15.3490606]]],"type":"Polygon"},"properties":{"city":"General Tinio","key":"Poblacion Central||General Tinio","name":"Poblacion Central","psgc":"304910015","sourceType":"barangay-map-search"},"type":"Feature"},{"geometry":{"coordinates":[[[121.0506644,15.3464844],[121.0460735,15.348782],[121.0430534,15.3401547],[121.0480831,15.340357],[121.0495285,15.3407888],[121.0506644,15.3464844]]],"type":"Polygon"},"properties":{"city":"General Tinio","key":"Poblacion East||General Tinio","name":"Poblacion East","psgc":"304910007","sourceType":"barangay-map-search"},"type":"Feature"},{"geometry":{"coordinates":[[[121.0409867,15.3489536],[121.0346251,15.3491104],[121.0340749,15.339387],[121.0422523,15.339921],[121.0409867,15.3489536]]],"type":"Polygon"},"properties":{"city":"General Tinio","key":"Poblacion West||General Tinio","name":"Poblacion West","psgc":"304910008","sourceType":"barangay-map-search"},"type":"Feature"},{"geometry":{"coordinates":[[[121.0421281,15.3595448],[121.0364451,15.3615332],[121.0338442,15.3542393],[121.0346251,15.3491104],[121.0409867,15.3489536],[121.0421281,15.3595448]]],"type":"Polygon"},"properties":{"city":"General Tinio","key":"Pulong Matong||General Tinio","name":"Pulong Matong","psgc":"304910016","sourceType":"barangay-map-search"},"type":"Feature"},{"geometry":{"coordinates":[[[121.1822944,15.3832188],[121.1778323,15.364309],[121.1278022,15.3553741],[121.1072729,15.3685999],[121.0611812,15.3841089],[121.05587,15.3598324],[121.0597986,15.3477162],[121.0902611,15.3421304],[121.1205656,15.2988255],[121.1507063,15.3014894],[121.1770413,15.2823438],[121.2562003,15.282805],[121.2847128,15.2933806],[121.3324572,15.2858652],[121.3537909,15.3456915],[121.3486228,15.3594471],[121.1822944,15.3832188]]],"type":"Polygon"},"properties":{"city":"General Tinio","key":"Rio Chico||General Tinio","name":"Rio Chico","psgc":"304910014","sourceType":"barangay-map-search"},"type":"Feature"},{"geometry":{"coordinates":[[[121.0506644,15.3464844],[121.0498038,15.3517373],[121.0461643,15.3490606],[121.0460735,15.348782],[121.0506644,15.3464844]]],"type":"Polygon"},"properties":{"city":"General Tinio","key":"Sampaguita||General Tinio","name":"Sampaguita","psgc":"304910017","sourceType":"barangay-map-search"},"type":"Feature"},{"geometry":{"coordinates":[[[121.065758,15.4049842],[121.0291809,15.3923102],[121.0364451,15.3615332],[121.0421281,15.3595448],[121.0461643,15.3490606],[121.0498038,15.3517373],[121.05587,15.3598324],[121.0611812,15.3841089],[121.065758,15.4049842]]],"type":"Polygon"},"properties":{"city":"General Tinio","key":"San Pedro||General Tinio","name":"San Pedro","psgc":"304910006","sourceType":"barangay-map-search"},"type":"Feature"},{"geometry":{"coordinates":[[[120.7568171,15.5811278],[120.7459683,15.5903305],[120.7325261,15.5831548],[120.7297308,15.5763207],[120.735582,15.5754958],[120.7385219,15.5681014],[120.7403992,15.5727007],[120.7551298,15.5775973],[120.7568171,15.5811278]]],"type":"Polygon"},"properties":{"city":"Guimba","key":"Agcano||Guimba","name":"Agcano","psgc":"304911001","sourceType":"barangay-map-search"},"type":"Feature"},{"geometry":{"coordinates":[[[120.7792931,15.7002564],[120.7701833,15.7013261],[120.764643,15.6969003],[120.7650044,15.6869363],[120.7712699,15.686275],[120.7813549,15.6961205],[120.7792931,15.7002564]]],"type":"Polygon"},"properties":{"city":"Guimba","key":"Ayos Lomboy||Guimba","name":"Ayos Lomboy","psgc":"304911002","sourceType":"barangay-map-search"},"type":"Feature"},{"geometry":{"coordinates":[[[120.7582118,15.6634595],[120.7512333,15.6690419],[120.7472757,15.6686718],[120.7431928,15.6639876],[120.744013,15.6540262],[120.7550377,15.6496045],[120.7587462,15.6601455],[120.7582118,15.6634595]]],"type":"Polygon"},"properties":{"city":"Guimba","key":"Bacayao||Guimba","name":"Bacayao","psgc":"304911003","sourceType":"barangay-map-search"},"type":"Feature"},{"geometry":{"coordinates":[[[120.7142062,15.679337],[120.7068513,15.6839732],[120.7005406,15.678556],[120.705239,15.6673517],[120.7089754,15.6658182],[120.7184465,15.6706147],[120.7142062,15.679337]]],"type":"Polygon"},"properties":{"city":"Guimba","key":"Bagong Barrio||Guimba","name":"Bagong Barrio","psgc":"304911004","sourceType":"barangay-map-search"},"type":"Feature"},{"geometry":{"coordinates":[[[120.7740864,15.7280659],[120.7585767,15.725526],[120.7528265,15.7219381],[120.7587536,15.7158781],[120.7738584,15.7173049],[120.7741189,15.7177427],[120.781027,15.7242703],[120.7740864,15.7280659]]],"type":"Polygon"},"properties":{"city":"Guimba","key":"Balbalino||Guimba","name":"Balbalino","psgc":"304911005","sourceType":"barangay-map-search"},"type":"Feature"},{"geometry":{"coordinates":[[[120.7506307,15.6233473],[120.7476712,15.6327426],[120.740987,15.6293504],[120.7302909,15.6232677],[120.7475457,15.6198528],[120.7506307,15.6233473]]],"type":"Polygon"},"properties":{"city":"Guimba","key":"Balingog East||Guimba","name":"Balingog East","psgc":"304911006","sourceType":"barangay-map-search"},"type":"Feature"},{"geometry":{"coordinates":[[[120.7302909,15.6232677],[120.7192093,15.6229417],[120.7193166,15.6203962],[120.7266833,15.6170282],[120.7434201,15.6182731],[120.7475457,15.6198528],[120.7302909,15.6232677]]],"type":"Polygon"},"properties":{"city":"Guimba","key":"Balingog West||Guimba","name":"Balingog West","psgc":"304911007","sourceType":"barangay-map-search"},"type":"Feature"},{"geometry":{"coordinates":[[[120.7681263,15.6363069],[120.7494456,15.6361447],[120.7476712,15.6327426],[120.7506307,15.6233473],[120.7580835,15.6209488],[120.7685122,15.6292593],[120.7683929,15.6330843],[120.7681263,15.6363069]]],"type":"Polygon"},"properties":{"city":"Guimba","key":"Banitan||Guimba","name":"Banitan","psgc":"304911008","sourceType":"barangay-map-search"},"type":"Feature"},{"geometry":{"coordinates":[[[120.7681263,15.6363069],[120.7678831,15.6418765],[120.7613638,15.6475131],[120.7590678,15.646375],[120.7479964,15.6418784],[120.7494456,15.6361447],[120.7681263,15.6363069]]],"type":"Polygon"},"properties":{"city":"Guimba","key":"Bantug||Guimba","name":"Bantug","psgc":"304911009","sourceType":"barangay-map-search"},"type":"Feature"},{"geometry":{"coordinates":[[[120.7385219,15.5681014],[120.735582,15.5754958],[120.7297308,15.5763207],[120.7314647,15.5734142],[120.7284151,15.5597037],[120.738154,15.5614189],[120.7385219,15.5681014]]],"type":"Polygon"},"properties":{"city":"Guimba","key":"Bulakid||Guimba","name":"Bulakid","psgc":"304911011","sourceType":"barangay-map-search"},"type":"Feature"},{"geometry":{"coordinates":[[[120.8404728,15.6755724],[120.831436,15.6820769],[120.8193041,15.6803656],[120.818132,15.6769563],[120.8243189,15.6639377],[120.8243274,15.6570724],[120.8324053,15.6578372],[120.8490675,15.6740037],[120.8404728,15.6755724]]],"type":"Polygon"},"properties":{"city":"Guimba","key":"Bunol||Guimba","name":"Bunol","psgc":"304911070","sourceType":"barangay-map-search"},"type":"Feature"},{"geometry":{"coordinates":[[[120.8244174,15.6387584],[120.8219342,15.6486954],[120.8064901,15.6335073],[120.7953304,15.626761],[120.7978917,15.6201732],[120.8148086,15.6302172],[120.8194269,15.6277341],[120.8291996,15.6328206],[120.8244174,15.6387584]]],"type":"Polygon"},"properties":{"city":"Guimba","key":"Caballero||Guimba","name":"Caballero","psgc":"304911014","sourceType":"barangay-map-search"},"type":"Feature"},{"geometry":{"coordinates":[[[120.8105553,15.679403],[120.8046033,15.6676013],[120.8053562,15.656164],[120.8144309,15.6552629],[120.8199403,15.655987],[120.8243274,15.6570724],[120.8243189,15.6639377],[120.818132,15.6769563],[120.8105553,15.679403]]],"type":"Polygon"},"properties":{"city":"Guimba","key":"Cabaruan||Guimba","name":"Cabaruan","psgc":"304911015","sourceType":"barangay-map-search"},"type":"Feature"},{"geometry":{"coordinates":[[[120.7670118,15.5777618],[120.7612069,15.5830561],[120.7568171,15.5811278],[120.7551298,15.5775973],[120.7403992,15.5727007],[120.7385219,15.5681014],[120.738154,15.5614189],[120.7468761,15.56926],[120.757095,15.5708921],[120.7670118,15.5777618]]],"type":"Polygon"},"properties":{"city":"Guimba","key":"Caingin Tabing Ilog||Guimba","name":"Caingin Tabing Ilog","psgc":"304911016","sourceType":"barangay-map-search"},"type":"Feature"},{"geometry":{"coordinates":[[[120.7192093,15.6229417],[120.7191733,15.6310959],[120.7114217,15.6322813],[120.7110618,15.628183],[120.697955,15.6192696],[120.7150552,15.6178666],[120.7193166,15.6203962],[120.7192093,15.6229417]]],"type":"Polygon"},"properties":{"city":"Guimba","key":"Calem||Guimba","name":"Calem","psgc":"304911017","sourceType":"barangay-map-search"},"type":"Feature"},{"geometry":{"coordinates":[[[120.7738584,15.7173049],[120.7587536,15.7158781],[120.7560739,15.7074185],[120.7555031,15.7014149],[120.7624315,15.6979587],[120.764643,15.6969003],[120.7701833,15.7013261],[120.7688865,15.7121686],[120.7738584,15.7173049]]],"type":"Polygon"},"properties":{"city":"Guimba","key":"Camiing||Guimba","name":"Camiing","psgc":"304911018","sourceType":"barangay-map-search"},"type":"Feature"},{"geometry":{"coordinates":[[[120.7864627,15.6046091],[120.7807713,15.616429],[120.7711671,15.613104],[120.7671872,15.6114866],[120.7758989,15.5995693],[120.7864627,15.6046091]]],"type":"Polygon"},"properties":{"city":"Guimba","key":"Cardinal||Guimba","name":"Cardinal","psgc":"304911019","sourceType":"barangay-map-search"},"type":"Feature"},{"geometry":{"coordinates":[[[120.7583957,15.6828355],[120.7473042,15.6876833],[120.7393223,15.6772272],[120.7472757,15.6686718],[120.7512333,15.6690419],[120.7557021,15.6722348],[120.7583957,15.6828355]]],"type":"Polygon"},"properties":{"city":"Guimba","key":"Casongsong||Guimba","name":"Casongsong","psgc":"304911020","sourceType":"barangay-map-search"},"type":"Feature"},{"geometry":{"coordinates":[[[120.7711671,15.613104],[120.7685122,15.6292593],[120.7580835,15.6209488],[120.7506307,15.6233473],[120.7475457,15.6198528],[120.7434201,15.6182731],[120.7538894,15.611809],[120.7671872,15.6114866],[120.7711671,15.613104]]],"type":"Polygon"},"properties":{"city":"Guimba","key":"Catimon||Guimba","name":"Catimon","psgc":"304911021","sourceType":"barangay-map-search"},"type":"Feature"},{"geometry":{"coordinates":[[[120.7866919,15.6922239],[120.7813549,15.6961205],[120.7712699,15.686275],[120.7650044,15.6869363],[120.7583957,15.6828355],[120.7557021,15.6722348],[120.7512333,15.6690419],[120.7582118,15.6634595],[120.7675467,15.6630215],[120.7694513,15.6640811],[120.7737244,15.6714503],[120.772293,15.677222],[120.7843346,15.6873543],[120.7866919,15.6922239]]],"type":"Polygon"},"properties":{"city":"Guimba","key":"Cavite||Guimba","name":"Cavite","psgc":"304911022","sourceType":"barangay-map-search"},"type":"Feature"},{"geometry":{"coordinates":[[[120.7934458,15.646522],[120.7876631,15.6550962],[120.7729647,15.6553628],[120.7726161,15.6519161],[120.7797033,15.6442953],[120.780855,15.6383093],[120.7864209,15.6460938],[120.7934458,15.646522]]],"type":"Polygon"},"properties":{"city":"Guimba","key":"Cawayan Bugtong||Guimba","name":"Cawayan Bugtong","psgc":"304911023","sourceType":"barangay-map-search"},"type":"Feature"},{"geometry":{"coordinates":[[[120.8144309,15.6552629],[120.8053562,15.656164],[120.8046916,15.6477849],[120.8144309,15.6552629]]],"type":"Polygon"},"properties":{"city":"Guimba","key":"Consuelo||Guimba","name":"Consuelo","psgc":"304911024","sourceType":"barangay-map-search"},"type":"Feature"},{"geometry":{"coordinates":[[[120.8244174,15.6387584],[120.8333764,15.6465204],[120.8421605,15.6460676],[120.8494005,15.6521708],[120.845623,15.6628356],[120.8541181,15.6682817],[120.8490675,15.6740037],[120.8324053,15.6578372],[120.8243274,15.6570724],[120.8199403,15.655987],[120.8219342,15.6486954],[120.8244174,15.6387584]]],"type":"Polygon"},"properties":{"city":"Guimba","key":"Culong||Guimba","name":"Culong","psgc":"304911025","sourceType":"barangay-map-search"},"type":"Feature"},{"geometry":{"coordinates":[[[120.6828917,15.6767043],[120.6859952,15.6868518],[120.6835481,15.6899181],[120.6705803,15.6815449],[120.679535,15.674623],[120.6828917,15.6767043]]],"type":"Polygon"},"properties":{"city":"Guimba","key":"Escano||Guimba","name":"Escano","psgc":"304911026","sourceType":"barangay-map-search"},"type":"Feature"},{"geometry":{"coordinates":[[[120.8317898,15.7001493],[120.8407171,15.7052126],[120.8372313,15.7119786],[120.8227018,15.7118244],[120.8084889,15.7059788],[120.8130323,15.6984555],[120.8297814,15.7003314],[120.8317898,15.7001493]]],"type":"Polygon"},"properties":{"city":"Guimba","key":"Faigal||Guimba","name":"Faigal","psgc":"304911027","sourceType":"barangay-map-search"},"type":"Feature"},{"geometry":{"coordinates":[[[120.7089754,15.6658182],[120.705239,15.6673517],[120.6970397,15.6649986],[120.6940964,15.6557441],[120.6999525,15.6457721],[120.7163053,15.6533585],[120.7089754,15.6658182]]],"type":"Polygon"},"properties":{"city":"Guimba","key":"Galvan||Guimba","name":"Galvan","psgc":"304911028","sourceType":"barangay-map-search"},"type":"Feature"},{"geometry":{"coordinates":[[[120.7825477,15.7142787],[120.781027,15.7242703],[120.7741189,15.7177427],[120.7825477,15.7142787]]],"type":"Polygon"},"properties":{"city":"Guimba","key":"Guiset||Guimba","name":"Guiset","psgc":"304911029","sourceType":"barangay-map-search"},"type":"Feature"},{"geometry":{"coordinates":[[[120.6970397,15.6649986],[120.6890784,15.6782221],[120.6828917,15.6767043],[120.679535,15.674623],[120.6857951,15.6678363],[120.6813959,15.6581633],[120.6940964,15.6557441],[120.6970397,15.6649986]]],"type":"Polygon"},"properties":{"city":"Guimba","key":"Lamorito||Guimba","name":"Lamorito","psgc":"304911030","sourceType":"barangay-map-search"},"type":"Feature"},{"geometry":{"coordinates":[[[120.7587536,15.7158781],[120.7528265,15.7219381],[120.7340412,15.7173741],[120.7175156,15.7059405],[120.7130804,15.6996217],[120.7125355,15.6917666],[120.7204951,15.6919083],[120.7294406,15.6984735],[120.741098,15.6980499],[120.7492246,15.7088477],[120.7560739,15.7074185],[120.7587536,15.7158781]]],"type":"Polygon"},"properties":{"city":"Guimba","key":"Lennec||Guimba","name":"Lennec","psgc":"304911031","sourceType":"barangay-map-search"},"type":"Feature"},{"geometry":{"coordinates":[[[120.7064727,15.6298983],[120.7003032,15.6311247],[120.6936522,15.6213528],[120.697955,15.6192696],[120.7110618,15.628183],[120.7064727,15.6298983]]],"type":"Polygon"},"properties":{"city":"Guimba","key":"Macamias||Guimba","name":"Macamias","psgc":"304911032","sourceType":"barangay-map-search"},"type":"Feature"},{"geometry":{"coordinates":[[[120.7985425,15.7101563],[120.7886076,15.7132481],[120.777175,15.7040069],[120.7792931,15.7002564],[120.7813549,15.6961205],[120.7866919,15.6922239],[120.7959867,15.6987029],[120.7985425,15.7101563]]],"type":"Polygon"},"properties":{"city":"Guimba","key":"Macapabellag||Guimba","name":"Macapabellag","psgc":"304911033","sourceType":"barangay-map-search"},"type":"Feature"},{"geometry":{"coordinates":[[[120.7550377,15.6496045],[120.744013,15.6540262],[120.7382927,15.6492057],[120.7329113,15.6393931],[120.740987,15.6293504],[120.7476712,15.6327426],[120.7494456,15.6361447],[120.7479964,15.6418784],[120.7590678,15.646375],[120.7550377,15.6496045]]],"type":"Polygon"},"properties":{"city":"Guimba","key":"Macatcatuit||Guimba","name":"Macatcatuit","psgc":"304911034","sourceType":"barangay-map-search"},"type":"Feature"},{"geometry":{"coordinates":[[[120.8021243,15.5995497],[120.7977563,15.6092465],[120.7864627,15.6046091],[120.7758989,15.5995693],[120.7612069,15.5830561],[120.7670118,15.5777618],[120.7761784,15.5824714],[120.7898538,15.5807982],[120.804833,15.5954072],[120.8021243,15.5995497]]],"type":"Polygon"},"properties":{"city":"Guimba","key":"Manacsac||Guimba","name":"Manacsac","psgc":"304911035","sourceType":"barangay-map-search"},"type":"Feature"},{"geometry":{"coordinates":[[[120.736581,15.6512151],[120.7201801,15.6707096],[120.7184465,15.6706147],[120.7089754,15.6658182],[120.7163053,15.6533585],[120.7232132,15.6469532],[120.736581,15.6512151]]],"type":"Polygon"},"properties":{"city":"Guimba","key":"Manggang Marikit||Guimba","name":"Manggang Marikit","psgc":"304911036","sourceType":"barangay-map-search"},"type":"Feature"},{"geometry":{"coordinates":[[[120.8046033,15.6676013],[120.7946831,15.6653714],[120.7835969,15.6668975],[120.7735367,15.6615869],[120.7735431,15.6597932],[120.7729647,15.6553628],[120.7876631,15.6550962],[120.7934458,15.646522],[120.8046916,15.6477849],[120.8053562,15.656164],[120.8046033,15.6676013]]],"type":"Polygon"},"properties":{"city":"Guimba","key":"Maturanoc||Guimba","name":"Maturanoc","psgc":"304911038","sourceType":"barangay-map-search"},"type":"Feature"},{"geometry":{"coordinates":[[[120.679535,15.674623],[120.6705803,15.6815449],[120.6565452,15.6772185],[120.6576685,15.6624991],[120.6682624,15.6526904],[120.6772067,15.6589565],[120.6813959,15.6581633],[120.6857951,15.6678363],[120.679535,15.674623]]],"type":"Polygon"},"properties":{"city":"Guimba","key":"Maybubon||Guimba","name":"Maybubon","psgc":"304911039","sourceType":"barangay-map-search"},"type":"Feature"},{"geometry":{"coordinates":[[[120.8317898,15.7001493],[120.8297814,15.7003314],[120.8276384,15.6914436],[120.831436,15.6820769],[120.8404728,15.6755724],[120.8317898,15.7001493]]],"type":"Polygon"},"properties":{"city":"Guimba","key":"Naglabrahan||Guimba","name":"Naglabrahan","psgc":"304911041","sourceType":"barangay-map-search"},"type":"Feature"},{"geometry":{"coordinates":[[[120.7671872,15.6114866],[120.7538894,15.611809],[120.7550758,15.6036644],[120.7459683,15.5903305],[120.7568171,15.5811278],[120.7612069,15.5830561],[120.7758989,15.5995693],[120.7671872,15.6114866]]],"type":"Polygon"},"properties":{"city":"Guimba","key":"Nagpandayan||Guimba","name":"Nagpandayan","psgc":"304911042","sourceType":"barangay-map-search"},"type":"Feature"},{"geometry":{"coordinates":[[[120.764643,15.6969003],[120.7624315,15.6979587],[120.7496609,15.6951305],[120.7433861,15.690939],[120.7320379,15.6850611],[120.7393223,15.6772272],[120.7473042,15.6876833],[120.7583957,15.6828355],[120.7650044,15.6869363],[120.764643,15.6969003]]],"type":"Polygon"},"properties":{"city":"Guimba","key":"Narvacan I||Guimba","name":"Narvacan I","psgc":"304911043","sourceType":"barangay-map-search"},"type":"Feature"},{"geometry":{"coordinates":[[[120.7560739,15.7074185],[120.7492246,15.7088477],[120.741098,15.6980499],[120.7433861,15.690939],[120.7496609,15.6951305],[120.7624315,15.6979587],[120.7555031,15.7014149],[120.7560739,15.7074185]]],"type":"Polygon"},"properties":{"city":"Guimba","key":"Narvacan II||Guimba","name":"Narvacan II","psgc":"304911044","sourceType":"barangay-map-search"},"type":"Feature"},{"geometry":{"coordinates":[[[120.741098,15.6980499],[120.7294406,15.6984735],[120.7204951,15.6919083],[120.7125355,15.6917666],[120.7068513,15.6839732],[120.7142062,15.679337],[120.7272952,15.6768578],[120.7320379,15.6850611],[120.7433861,15.690939],[120.741098,15.6980499]]],"type":"Polygon"},"properties":{"city":"Guimba","key":"Pacac||Guimba","name":"Pacac","psgc":"304911045","sourceType":"barangay-map-search"},"type":"Feature"},{"geometry":{"coordinates":[[[120.7232132,15.6469532],[120.7163053,15.6533585],[120.6999525,15.6457721],[120.7086497,15.6345224],[120.7064727,15.6298983],[120.7110618,15.628183],[120.7114217,15.6322813],[120.7146478,15.6407017],[120.7232132,15.6469532]]],"type":"Polygon"},"properties":{"city":"Guimba","key":"Partida I||Guimba","name":"Partida I","psgc":"304911046","sourceType":"barangay-map-search"},"type":"Feature"},{"geometry":{"coordinates":[[[120.736581,15.6512151],[120.7232132,15.6469532],[120.7329113,15.6393931],[120.7382927,15.6492057],[120.736581,15.6512151]]],"type":"Polygon"},"properties":{"city":"Guimba","key":"Partida II||Guimba","name":"Partida II","psgc":"304911047","sourceType":"barangay-map-search"},"type":"Feature"},{"geometry":{"coordinates":[[[120.7393223,15.6772272],[120.7320379,15.6850611],[120.7272952,15.6768578],[120.7363422,15.6735935],[120.7431928,15.6639876],[120.7472757,15.6686718],[120.7393223,15.6772272]]],"type":"Polygon"},"properties":{"city":"Guimba","key":"Pasong Inchic||Guimba","name":"Pasong Inchic","psgc":"304911048","sourceType":"barangay-map-search"},"type":"Feature"},{"geometry":{"coordinates":[[[120.7735367,15.6615869],[120.7694513,15.6640811],[120.7675467,15.6630215],[120.7672755,15.6596512],[120.7735431,15.6597932],[120.7735367,15.6615869]]],"type":"Polygon"},"properties":{"city":"Guimba","key":"Saint John District||Guimba","name":"Saint John District","psgc":"304911049","sourceType":"barangay-map-search"},"type":"Feature"},{"geometry":{"coordinates":[[[120.7005406,15.678556],[120.6890784,15.6782221],[120.6970397,15.6649986],[120.705239,15.6673517],[120.7005406,15.678556]]],"type":"Polygon"},"properties":{"city":"Guimba","key":"San Agustin||Guimba","name":"San Agustin","psgc":"304911050","sourceType":"barangay-map-search"},"type":"Feature"},{"geometry":{"coordinates":[[[120.7825477,15.7142787],[120.7741189,15.7177427],[120.7738584,15.7173049],[120.7688865,15.7121686],[120.7701833,15.7013261],[120.7792931,15.7002564],[120.777175,15.7040069],[120.7886076,15.7132481],[120.7825477,15.7142787]]],"type":"Polygon"},"properties":{"city":"Guimba","key":"San Andres||Guimba","name":"San Andres","psgc":"304911051","sourceType":"barangay-map-search"},"type":"Feature"},{"geometry":{"coordinates":[[[120.8137512,15.6095617],[120.7989166,15.6183577],[120.7977563,15.6092465],[120.8021243,15.5995497],[120.8058195,15.5985227],[120.8137512,15.6095617]]],"type":"Polygon"},"properties":{"city":"Guimba","key":"San Bernardino||Guimba","name":"San Bernardino","psgc":"304911052","sourceType":"barangay-map-search"},"type":"Feature"},{"geometry":{"coordinates":[[[120.7740864,15.7280659],[120.7796818,15.740637],[120.7722494,15.7404503],[120.7590665,15.7355848],[120.7585767,15.725526],[120.7740864,15.7280659]]],"type":"Polygon"},"properties":{"city":"Guimba","key":"San Marcelino||Guimba","name":"San Marcelino","psgc":"304911053","sourceType":"barangay-map-search"},"type":"Feature"},{"geometry":{"coordinates":[[[120.6813959,15.6581633],[120.6772067,15.6589565],[120.6682624,15.6526904],[120.6724349,15.641378],[120.6936522,15.6213528],[120.7003032,15.6311247],[120.7064727,15.6298983],[120.7086497,15.6345224],[120.6999525,15.6457721],[120.6940964,15.6557441],[120.6813959,15.6581633]]],"type":"Polygon"},"properties":{"city":"Guimba","key":"San Miguel||Guimba","name":"San Miguel","psgc":"304911054","sourceType":"barangay-map-search"},"type":"Feature"},{"geometry":{"coordinates":[[[120.7272952,15.6768578],[120.7142062,15.679337],[120.7184465,15.6706147],[120.7201801,15.6707096],[120.736581,15.6512151],[120.7382927,15.6492057],[120.744013,15.6540262],[120.7431928,15.6639876],[120.7363422,15.6735935],[120.7272952,15.6768578]]],"type":"Polygon"},"properties":{"city":"Guimba","key":"San Rafael||Guimba","name":"San Rafael","psgc":"304911055","sourceType":"barangay-map-search"},"type":"Feature"},{"geometry":{"coordinates":[[[120.7726161,15.6519161],[120.7676721,15.6556286],[120.7613638,15.6475131],[120.7678831,15.6418765],[120.7681263,15.6363069],[120.7683929,15.6330843],[120.780855,15.6383093],[120.7797033,15.6442953],[120.7726161,15.6519161]]],"type":"Polygon"},"properties":{"city":"Guimba","key":"San Roque||Guimba","name":"San Roque","psgc":"304911056","sourceType":"barangay-map-search"},"type":"Feature"},{"geometry":{"coordinates":[[[120.8084889,15.7059788],[120.7985425,15.7101563],[120.7959867,15.6987029],[120.7866919,15.6922239],[120.7843346,15.6873543],[120.8068885,15.6888045],[120.8110928,15.6929362],[120.8130323,15.6984555],[120.8084889,15.7059788]]],"type":"Polygon"},"properties":{"city":"Guimba","key":"Santa Ana||Guimba","name":"Santa Ana","psgc":"304911057","sourceType":"barangay-map-search"},"type":"Feature"},{"geometry":{"coordinates":[[[120.8194269,15.6277341],[120.8148086,15.6302172],[120.7978917,15.6201732],[120.7989166,15.6183577],[120.8137512,15.6095617],[120.819833,15.6232234],[120.8194269,15.6277341]]],"type":"Polygon"},"properties":{"city":"Guimba","key":"Santa Cruz||Guimba","name":"Santa Cruz","psgc":"304911058","sourceType":"barangay-map-search"},"type":"Feature"},{"geometry":{"coordinates":[[[120.8105553,15.679403],[120.8110928,15.6929362],[120.8068885,15.6888045],[120.7843346,15.6873543],[120.772293,15.677222],[120.7737244,15.6714503],[120.7694513,15.6640811],[120.7735367,15.6615869],[120.7835969,15.6668975],[120.7946831,15.6653714],[120.8046033,15.6676013],[120.8105553,15.679403]]],"type":"Polygon"},"properties":{"city":"Guimba","key":"Santa Lucia||Guimba","name":"Santa Lucia","psgc":"304911059","sourceType":"barangay-map-search"},"type":"Feature"},{"geometry":{"coordinates":[[[120.7675467,15.6630215],[120.7582118,15.6634595],[120.7587462,15.6601455],[120.7672755,15.6596512],[120.7675467,15.6630215]]],"type":"Polygon"},"properties":{"city":"Guimba","key":"Santa Veronica District||Guimba","name":"Santa Veronica District","psgc":"304911060","sourceType":"barangay-map-search"},"type":"Feature"},{"geometry":{"coordinates":[[[120.7672755,15.6596512],[120.7587462,15.6601455],[120.7550377,15.6496045],[120.7590678,15.646375],[120.7613638,15.6475131],[120.7676721,15.6556286],[120.7672755,15.6596512]]],"type":"Polygon"},"properties":{"city":"Guimba","key":"Santo Cristo District||Guimba","name":"Santo Cristo District","psgc":"304911061","sourceType":"barangay-map-search"},"type":"Feature"},{"geometry":{"coordinates":[[[120.7729647,15.6553628],[120.7735431,15.6597932],[120.7672755,15.6596512],[120.7676721,15.6556286],[120.7726161,15.6519161],[120.7729647,15.6553628]]],"type":"Polygon"},"properties":{"city":"Guimba","key":"Saranay District||Guimba","name":"Saranay District","psgc":"304911062","sourceType":"barangay-map-search"},"type":"Feature"},{"geometry":{"coordinates":[[[120.8297814,15.7003314],[120.8130323,15.6984555],[120.8110928,15.6929362],[120.8105553,15.679403],[120.818132,15.6769563],[120.8193041,15.6803656],[120.831436,15.6820769],[120.8276384,15.6914436],[120.8297814,15.7003314]]],"type":"Polygon"},"properties":{"city":"Guimba","key":"Sinulatan||Guimba","name":"Sinulatan","psgc":"304911063","sourceType":"barangay-map-search"},"type":"Feature"},{"geometry":{"coordinates":[[[120.7329113,15.6393931],[120.7232132,15.6469532],[120.7146478,15.6407017],[120.7114217,15.6322813],[120.7191733,15.6310959],[120.7192093,15.6229417],[120.7302909,15.6232677],[120.740987,15.6293504],[120.7329113,15.6393931]]],"type":"Polygon"},"properties":{"city":"Guimba","key":"Subol||Guimba","name":"Subol","psgc":"304911064","sourceType":"barangay-map-search"},"type":"Feature"},{"geometry":{"coordinates":[[[120.7953304,15.626761],[120.7891754,15.6287321],[120.7909342,15.6378431],[120.7864209,15.6460938],[120.780855,15.6383093],[120.7683929,15.6330843],[120.7685122,15.6292593],[120.7711671,15.613104],[120.7807713,15.616429],[120.7953304,15.626761]]],"type":"Polygon"},"properties":{"city":"Guimba","key":"Tampac I||Guimba","name":"Tampac I","psgc":"304911065","sourceType":"barangay-map-search"},"type":"Feature"},{"geometry":{"coordinates":[[[120.7978917,15.6201732],[120.7953304,15.626761],[120.7807713,15.616429],[120.7864627,15.6046091],[120.7977563,15.6092465],[120.7989166,15.6183577],[120.7978917,15.6201732]]],"type":"Polygon"},"properties":{"city":"Guimba","key":"Tampac II & III||Guimba","name":"Tampac II & III","psgc":"304911066","sourceType":"barangay-map-search"},"type":"Feature"},{"geometry":{"coordinates":[[[120.8199403,15.655987],[120.8144309,15.6552629],[120.8046916,15.6477849],[120.7934458,15.646522],[120.7864209,15.6460938],[120.7909342,15.6378431],[120.7891754,15.6287321],[120.7953304,15.626761],[120.8064901,15.6335073],[120.8219342,15.6486954],[120.8199403,15.655987]]],"type":"Polygon"},"properties":{"city":"Guimba","key":"Triala||Guimba","name":"Triala","psgc":"304911068","sourceType":"barangay-map-search"},"type":"Feature"},{"geometry":{"coordinates":[[[120.7130804,15.6996217],[120.6835481,15.6899181],[120.6859952,15.6868518],[120.6828917,15.6767043],[120.6890784,15.6782221],[120.7005406,15.678556],[120.7068513,15.6839732],[120.7125355,15.6917666],[120.7130804,15.6996217]]],"type":"Polygon"},"properties":{"city":"Guimba","key":"Yuson||Guimba","name":"Yuson","psgc":"304911069","sourceType":"barangay-map-search"},"type":"Feature"},{"geometry":{"coordinates":[[[120.8813129,15.3625335],[120.8594745,15.3660773],[120.8585989,15.3518],[120.8701796,15.3369391],[120.8854997,15.3608512],[120.8813129,15.3625335]]],"type":"Polygon"},"properties":{"city":"Jaen","key":"Calabasa||Jaen","name":"Calabasa","psgc":"304912001","sourceType":"barangay-map-search"},"type":"Feature"},{"geometry":{"coordinates":[[[120.9039097,15.3453681],[120.8945814,15.3382117],[120.9024646,15.3375449],[120.9093431,15.3366324],[120.9111025,15.3413171],[120.9075781,15.3431203],[120.9039097,15.3453681]]],"type":"Polygon"},"properties":{"city":"Jaen","key":"Dampulan||Jaen","name":"Dampulan","psgc":"304912002","sourceType":"barangay-map-search"},"type":"Feature"},{"geometry":{"coordinates":[[[120.9161453,15.3374085],[120.9142618,15.3429598],[120.9111025,15.3413171],[120.9093431,15.3366324],[120.9102238,15.3362562],[120.9136231,15.3341721],[120.9161453,15.3374085]]],"type":"Polygon"},"properties":{"city":"Jaen","key":"Don Mariano Marcos||Jaen","name":"Don Mariano Marcos","psgc":"304912013","sourceType":"barangay-map-search"},"type":"Feature"},{"geometry":{"coordinates":[[[120.8578831,15.3992191],[120.8469442,15.3953127],[120.8639356,15.3787185],[120.8691445,15.385754],[120.8715734,15.3936493],[120.8578831,15.3992191]]],"type":"Polygon"},"properties":{"city":"Jaen","key":"Hilera||Jaen","name":"Hilera","psgc":"304912003","sourceType":"barangay-map-search"},"type":"Feature"},{"geometry":{"coordinates":[[[120.8689414,15.4177921],[120.8527198,15.4367034],[120.8397193,15.4287922],[120.8463257,15.4124154],[120.8617164,15.4132007],[120.8689414,15.4177921]]],"type":"Polygon"},"properties":{"city":"Jaen","key":"Imbunia||Jaen","name":"Imbunia","psgc":"304912004","sourceType":"barangay-map-search"},"type":"Feature"},{"geometry":{"coordinates":[[[120.9227467,15.3353088],[120.9142618,15.3429598],[120.9161453,15.3374085],[120.9227467,15.3353088]]],"type":"Polygon"},"properties":{"city":"Jaen","key":"Imelda Pob.||Jaen","name":"Imelda Pob.","psgc":"304912005","sourceType":"barangay-map-search"},"type":"Feature"},{"geometry":{"coordinates":[[[120.8639356,15.3787185],[120.8469442,15.3953127],[120.8203879,15.384935],[120.8279786,15.3794375],[120.8528317,15.3734023],[120.8594745,15.3660773],[120.8813129,15.3625335],[120.8815945,15.3632416],[120.8707007,15.3700549],[120.8639356,15.3787185]]],"type":"Polygon"},"properties":{"city":"Jaen","key":"Lambakin||Jaen","name":"Lambakin","psgc":"304912006","sourceType":"barangay-map-search"},"type":"Feature"},{"geometry":{"coordinates":[[[120.9146736,15.3299519],[120.9107225,15.320923],[120.9228188,15.3287705],[120.9146736,15.3299519]]],"type":"Polygon"},"properties":{"city":"Jaen","key":"Langla||Jaen","name":"Langla","psgc":"304912007","sourceType":"barangay-map-search"},"type":"Feature"},{"geometry":{"coordinates":[[[120.9350426,15.3865962],[120.9407136,15.3961184],[120.9281939,15.4041642],[120.9153883,15.4055957],[120.9147306,15.3995025],[120.9208135,15.3905343],[120.9350426,15.3865962]]],"type":"Polygon"},"properties":{"city":"Jaen","key":"Magsalisi||Jaen","name":"Magsalisi","psgc":"304912008","sourceType":"barangay-map-search"},"type":"Feature"},{"geometry":{"coordinates":[[[120.8527198,15.4367034],[120.841649,15.4448528],[120.8348237,15.4348573],[120.8397193,15.4287922],[120.8527198,15.4367034]]],"type":"Polygon"},"properties":{"city":"Jaen","key":"Malabon-Kaingin||Jaen","name":"Malabon-Kaingin","psgc":"304912010","sourceType":"barangay-map-search"},"type":"Feature"},{"geometry":{"coordinates":[[[120.8348237,15.4348573],[120.8254303,15.4355201],[120.8269358,15.4059894],[120.8463257,15.4124154],[120.8397193,15.4287922],[120.8348237,15.4348573]]],"type":"Polygon"},"properties":{"city":"Jaen","key":"Marawa||Jaen","name":"Marawa","psgc":"304912012","sourceType":"barangay-map-search"},"type":"Feature"},{"geometry":{"coordinates":[[[120.9024646,15.3375449],[120.8945814,15.3382117],[120.8808359,15.3285894],[120.887963,15.314089],[120.8949201,15.3136039],[120.9024646,15.3375449]]],"type":"Polygon"},"properties":{"city":"Jaen","key":"Niyugan||Jaen","name":"Niyugan","psgc":"304912015","sourceType":"barangay-map-search"},"type":"Feature"},{"geometry":{"coordinates":[[[120.9097352,15.3480776],[120.9074018,15.3487958],[120.9072587,15.3486577],[120.9039097,15.3453681],[120.9075781,15.3431203],[120.9097352,15.3480776]]],"type":"Polygon"},"properties":{"city":"Jaen","key":"Ocampo-Rivera District||Jaen","name":"Ocampo-Rivera District","psgc":"304912021","sourceType":"barangay-map-search"},"type":"Feature"},{"geometry":{"coordinates":[[[120.877253,15.3758356],[120.8691445,15.385754],[120.8639356,15.3787185],[120.8707007,15.3700549],[120.877253,15.3758356]]],"type":"Polygon"},"properties":{"city":"Jaen","key":"Pakol||Jaen","name":"Pakol","psgc":"304912017","sourceType":"barangay-map-search"},"type":"Feature"},{"geometry":{"coordinates":[[[120.8617164,15.4132007],[120.8463257,15.4124154],[120.8269358,15.4059894],[120.814466,15.4024563],[120.8203879,15.384935],[120.8469442,15.3953127],[120.8578831,15.3992191],[120.8707689,15.4021733],[120.8617164,15.4132007]]],"type":"Polygon"},"properties":{"city":"Jaen","key":"Pamacpacan||Jaen","name":"Pamacpacan","psgc":"304912016","sourceType":"barangay-map-search"},"type":"Feature"},{"geometry":{"coordinates":[[[120.9153883,15.4055957],[120.8903219,15.4084389],[120.8689414,15.4177921],[120.8617164,15.4132007],[120.8707689,15.4021733],[120.8933964,15.3901813],[120.9047829,15.3905235],[120.9147306,15.3995025],[120.9153883,15.4055957]]],"type":"Polygon"},"properties":{"city":"Jaen","key":"Pinanggaan||Jaen","name":"Pinanggaan","psgc":"304912018","sourceType":"barangay-map-search"},"type":"Feature"},{"geometry":{"coordinates":[[[120.9069805,15.3601153],[120.8954661,15.3571893],[120.8815945,15.3632416],[120.8813129,15.3625335],[120.8854997,15.3608512],[120.9072587,15.3486577],[120.9074018,15.3487958],[120.9069805,15.3601153]]],"type":"Polygon"},"properties":{"city":"Jaen","key":"Putlod||Jaen","name":"Putlod","psgc":"304912020","sourceType":"barangay-map-search"},"type":"Feature"},{"geometry":{"coordinates":[[[120.9113552,15.3608461],[120.8928041,15.3733564],[120.8979852,15.3787143],[120.8845482,15.378529],[120.877253,15.3758356],[120.8707007,15.3700549],[120.8815945,15.3632416],[120.8954661,15.3571893],[120.9069805,15.3601153],[120.9113552,15.3608461]]],"type":"Polygon"},"properties":{"city":"Jaen","key":"San Jose||Jaen","name":"San Jose","psgc":"304912022","sourceType":"barangay-map-search"},"type":"Feature"},{"geometry":{"coordinates":[[[120.9136231,15.3341721],[120.9102238,15.3362562],[120.9070846,15.3207639],[120.9107225,15.320923],[120.9146736,15.3299519],[120.9136231,15.3341721]]],"type":"Polygon"},"properties":{"city":"Jaen","key":"San Josef||Jaen","name":"San Josef","psgc":"304912014","sourceType":"barangay-map-search"},"type":"Feature"},{"geometry":{"coordinates":[[[120.9350426,15.3865962],[120.9208135,15.3905343],[120.9147306,15.3995025],[120.9047829,15.3905235],[120.8933964,15.3901813],[120.8845482,15.378529],[120.8979852,15.3787143],[120.9137763,15.3746463],[120.9350426,15.3865962]]],"type":"Polygon"},"properties":{"city":"Jaen","key":"San Pablo||Jaen","name":"San Pablo","psgc":"304912023","sourceType":"barangay-map-search"},"type":"Feature"},{"geometry":{"coordinates":[[[120.9227467,15.3353088],[120.9161453,15.3374085],[120.9136231,15.3341721],[120.9146736,15.3299519],[120.9228188,15.3287705],[120.9227467,15.3353088]]],"type":"Polygon"},"properties":{"city":"Jaen","key":"San Roque||Jaen","name":"San Roque","psgc":"304912024","sourceType":"barangay-map-search"},"type":"Feature"},{"geometry":{"coordinates":[[[120.9072587,15.3486577],[120.8854997,15.3608512],[120.8701796,15.3369391],[120.8808359,15.3285894],[120.8945814,15.3382117],[120.9039097,15.3453681],[120.9072587,15.3486577]]],"type":"Polygon"},"properties":{"city":"Jaen","key":"San Vicente||Jaen","name":"San Vicente","psgc":"304912025","sourceType":"barangay-map-search"},"type":"Feature"},{"geometry":{"coordinates":[[[120.8254303,15.4355201],[120.8148394,15.4206345],[120.814466,15.4024563],[120.8269358,15.4059894],[120.8254303,15.4355201]]],"type":"Polygon"},"properties":{"city":"Jaen","key":"Santa Rita||Jaen","name":"Santa Rita","psgc":"304912026","sourceType":"barangay-map-search"},"type":"Feature"},{"geometry":{"coordinates":[[[120.9137763,15.3746463],[120.8979852,15.3787143],[120.8928041,15.3733564],[120.9113552,15.3608461],[120.9179143,15.364945],[120.9137763,15.3746463]]],"type":"Polygon"},"properties":{"city":"Jaen","key":"Santo Tomas North||Jaen","name":"Santo Tomas North","psgc":"304912027","sourceType":"barangay-map-search"},"type":"Feature"},{"geometry":{"coordinates":[[[120.9097352,15.3480776],[120.9284018,15.3572329],[120.9179143,15.364945],[120.9113552,15.3608461],[120.9069805,15.3601153],[120.9074018,15.3487958],[120.9097352,15.3480776]]],"type":"Polygon"},"properties":{"city":"Jaen","key":"Santo Tomas South||Jaen","name":"Santo Tomas South","psgc":"304912028","sourceType":"barangay-map-search"},"type":"Feature"},{"geometry":{"coordinates":[[[120.9093431,15.3366324],[120.9024646,15.3375449],[120.8949201,15.3136039],[120.9070846,15.3207639],[120.9102238,15.3362562],[120.9093431,15.3366324]]],"type":"Polygon"},"properties":{"city":"Jaen","key":"Sapang||Jaen","name":"Sapang","psgc":"304912029","sourceType":"barangay-map-search"},"type":"Feature"},{"geometry":{"coordinates":[[[120.8933964,15.3901813],[120.8707689,15.4021733],[120.8578831,15.3992191],[120.8715734,15.3936493],[120.8691445,15.385754],[120.877253,15.3758356],[120.8845482,15.378529],[120.8933964,15.3901813]]],"type":"Polygon"},"properties":{"city":"Jaen","key":"Ulanin-Pitak||Jaen","name":"Ulanin-Pitak","psgc":"304912019","sourceType":"barangay-map-search"},"type":"Feature"},{"geometry":{"coordinates":[[[121.2005816,15.5897499],[121.1959015,15.5968236],[121.1840627,15.5871093],[121.187459,15.5795391],[121.2005816,15.5897499]]],"type":"Polygon"},"properties":{"city":"Laur","key":"Barangay I||Laur","name":"Barangay I","psgc":"304913001","sourceType":"barangay-map-search"},"type":"Feature"},{"geometry":{"coordinates":[[[121.187459,15.5795391],[121.1840627,15.5871093],[121.1826429,15.586513],[121.1843234,15.5780928],[121.1878314,15.574951],[121.187459,15.5795391]]],"type":"Polygon"},"properties":{"city":"Laur","key":"Barangay II||Laur","name":"Barangay II","psgc":"304913002","sourceType":"barangay-map-search"},"type":"Feature"},{"geometry":{"coordinates":[[[121.1843234,15.5780928],[121.1826429,15.586513],[121.1688855,15.5830784],[121.1729319,15.5730037],[121.1730128,15.5719459],[121.1843234,15.5780928]]],"type":"Polygon"},"properties":{"city":"Laur","key":"Barangay III||Laur","name":"Barangay III","psgc":"304913003","sourceType":"barangay-map-search"},"type":"Feature"},{"geometry":{"coordinates":[[[121.1959015,15.5968236],[121.1787116,15.590271],[121.1727006,15.5923306],[121.1688855,15.5830784],[121.1826429,15.586513],[121.1840627,15.5871093],[121.1959015,15.5968236]]],"type":"Polygon"},"properties":{"city":"Laur","key":"Barangay IV||Laur","name":"Barangay IV","psgc":"304913004","sourceType":"barangay-map-search"},"type":"Feature"},{"geometry":{"coordinates":[[[121.1796066,15.604067],[121.1575598,15.5930027],[121.1727006,15.5923306],[121.1787116,15.590271],[121.1796066,15.604067]]],"type":"Polygon"},"properties":{"city":"Laur","key":"Betania||Laur","name":"Betania","psgc":"304913005","sourceType":"barangay-map-search"},"type":"Feature"},{"geometry":{"coordinates":[[[121.1878314,15.574951],[121.1843234,15.5780928],[121.1730128,15.5719459],[121.1668793,15.5434218],[121.1930075,15.5242828],[121.2196492,15.5310297],[121.2017269,15.5447202],[121.1878314,15.574951]]],"type":"Polygon"},"properties":{"city":"Laur","key":"Canantong||Laur","name":"Canantong","psgc":"304913006","sourceType":"barangay-map-search"},"type":"Feature"},{"geometry":{"coordinates":[[[121.1805278,15.4940129],[121.1637701,15.4944341],[121.1288134,15.5308091],[121.1175176,15.4683719],[121.1818392,15.4360147],[121.1805278,15.4940129]]],"type":"Polygon"},"properties":{"city":"Laur","key":"Nauzon||Laur","name":"Nauzon","psgc":"304913009","sourceType":"barangay-map-search"},"type":"Feature"},{"geometry":{"coordinates":[[[121.2087419,15.603318],[121.1796066,15.604067],[121.1787116,15.590271],[121.1959015,15.5968236],[121.2087419,15.603318]]],"type":"Polygon"},"properties":{"city":"Laur","key":"Pangarulong||Laur","name":"Pangarulong","psgc":"304913011","sourceType":"barangay-map-search"},"type":"Feature"},{"geometry":{"coordinates":[[[121.1727006,15.5923306],[121.1575598,15.5930027],[121.1360885,15.5830446],[121.1478885,15.5804118],[121.1729319,15.5730037],[121.1688855,15.5830784],[121.1727006,15.5923306]]],"type":"Polygon"},"properties":{"city":"Laur","key":"Pinagbayanan||Laur","name":"Pinagbayanan","psgc":"304913013","sourceType":"barangay-map-search"},"type":"Feature"},{"geometry":{"coordinates":[[[121.1729319,15.5730037],[121.1478885,15.5804118],[121.14782,15.5546577],[121.1668793,15.5434218],[121.1730128,15.5719459],[121.1729319,15.5730037]]],"type":"Polygon"},"properties":{"city":"Laur","key":"Sagana||Laur","name":"Sagana","psgc":"304913016","sourceType":"barangay-map-search"},"type":"Feature"},{"geometry":{"coordinates":[[[121.236162,15.5514534],[121.221527,15.5628118],[121.2017269,15.5447202],[121.2196492,15.5310297],[121.236162,15.5514534]]],"type":"Polygon"},"properties":{"city":"Laur","key":"San Felipe||Laur","name":"San Felipe","psgc":"304913023","sourceType":"barangay-map-search"},"type":"Feature"},{"geometry":{"coordinates":[[[121.236061,15.6032121],[121.2087419,15.603318],[121.1959015,15.5968236],[121.2005816,15.5897499],[121.2084966,15.5833403],[121.236061,15.6032121]]],"type":"Polygon"},"properties":{"city":"Laur","key":"San Fernando||Laur","name":"San Fernando","psgc":"304913017","sourceType":"barangay-map-search"},"type":"Feature"},{"geometry":{"coordinates":[[[121.1668793,15.5434218],[121.14782,15.5546577],[121.1351931,15.5539046],[121.1288134,15.5308091],[121.1637701,15.4944341],[121.1805278,15.4940129],[121.1930075,15.5242828],[121.1668793,15.5434218]]],"type":"Polygon"},"properties":{"city":"Laur","key":"San Isidro||Laur","name":"San Isidro","psgc":"304913018","sourceType":"barangay-map-search"},"type":"Feature"},{"geometry":{"coordinates":[[[121.1478885,15.5804118],[121.1360885,15.5830446],[121.1351931,15.5539046],[121.14782,15.5546577],[121.1478885,15.5804118]]],"type":"Polygon"},"properties":{"city":"Laur","key":"San Josef||Laur","name":"San Josef","psgc":"304913019","sourceType":"barangay-map-search"},"type":"Feature"},{"geometry":{"coordinates":[[[121.2084966,15.5833403],[121.2005816,15.5897499],[121.187459,15.5795391],[121.1878314,15.574951],[121.2017269,15.5447202],[121.221527,15.5628118],[121.2151177,15.5705265],[121.2084966,15.5833403]]],"type":"Polygon"},"properties":{"city":"Laur","key":"San Juan||Laur","name":"San Juan","psgc":"304913020","sourceType":"barangay-map-search"},"type":"Feature"},{"geometry":{"coordinates":[[[121.236162,15.5514534],[121.2591357,15.5763377],[121.2727138,15.6153746],[121.2151177,15.5705265],[121.221527,15.5628118],[121.236162,15.5514534]]],"type":"Polygon"},"properties":{"city":"Laur","key":"San Vicente||Laur","name":"San Vicente","psgc":"304913021","sourceType":"barangay-map-search"},"type":"Feature"},{"geometry":{"coordinates":[[[121.2151177,15.5705265],[121.2727138,15.6153746],[121.236061,15.6032121],[121.2084966,15.5833403],[121.2151177,15.5705265]]],"type":"Polygon"},"properties":{"city":"Laur","key":"Siclong||Laur","name":"Siclong","psgc":"304913022","sourceType":"barangay-map-search"},"type":"Feature"},{"geometry":{"coordinates":[[[120.7656956,15.5254557],[120.7587396,15.524466],[120.7596013,15.5299708],[120.7454873,15.5276493],[120.7444284,15.5313158],[120.7338423,15.5284431],[120.7315527,15.5262312],[120.7354672,15.5208355],[120.734824,15.5166191],[120.7398631,15.5101822],[120.74355,15.5103346],[120.7454094,15.5051634],[120.7443403,15.4997795],[120.749637,15.4914849],[120.748484,15.4883575],[120.7510496,15.4811597],[120.7537768,15.4849811],[120.7630714,15.4892544],[120.7657824,15.4970913],[120.7591291,15.5021491],[120.7637834,15.5098626],[120.7687998,15.5135775],[120.7683768,15.5184347],[120.7656956,15.5254557]]],"type":"Polygon"},"properties":{"city":"Licab","key":"Aquino||Licab","name":"Aquino","psgc":"304914013","sourceType":"barangay-map-search"},"type":"Feature"},{"geometry":{"coordinates":[[[120.7931322,15.5591929],[120.7950495,15.561044],[120.7960367,15.5679059],[120.7912907,15.574162],[120.7898538,15.5807982],[120.7835658,15.5808006],[120.7837645,15.5752922],[120.7792436,15.5725744],[120.7774058,15.5675052],[120.7757902,15.5568441],[120.7837721,15.5613716],[120.7931322,15.5591929]]],"type":"Polygon"},"properties":{"city":"Licab","key":"Linao||Licab","name":"Linao","psgc":"304914002","sourceType":"barangay-map-search"},"type":"Feature"},{"geometry":{"coordinates":[[[120.7746333,15.544996],[120.7760561,15.5499639],[120.7561754,15.5460956],[120.7570196,15.5432579],[120.7746333,15.544996]]],"type":"Polygon"},"properties":{"city":"Licab","key":"Poblacion Norte||Licab","name":"Poblacion Norte","psgc":"304914003","sourceType":"barangay-map-search"},"type":"Feature"},{"geometry":{"coordinates":[[[120.7741664,15.5431019],[120.7746333,15.544996],[120.7570196,15.5432579],[120.757778,15.5410869],[120.7589354,15.5376192],[120.7670957,15.5394624],[120.7688902,15.5419067],[120.7741664,15.5431019]]],"type":"Polygon"},"properties":{"city":"Licab","key":"Poblacion Sur||Licab","name":"Poblacion Sur","psgc":"304914004","sourceType":"barangay-map-search"},"type":"Feature"},{"geometry":{"coordinates":[[[120.7931322,15.5591929],[120.7837721,15.5613716],[120.7757902,15.5568441],[120.7760561,15.5499639],[120.7746333,15.544996],[120.7741664,15.5431019],[120.7788513,15.5426934],[120.783558,15.5452075],[120.792102,15.5405908],[120.7995394,15.5463483],[120.7919987,15.5534481],[120.7931322,15.5591929]]],"type":"Polygon"},"properties":{"city":"Licab","key":"San Casimiro||Licab","name":"San Casimiro","psgc":"304914005","sourceType":"barangay-map-search"},"type":"Feature"},{"geometry":{"coordinates":[[[120.7774058,15.5675052],[120.7764127,15.571187],[120.7655964,15.5649082],[120.7568025,15.5654704],[120.7541308,15.5533167],[120.7561754,15.5460956],[120.7760561,15.5499639],[120.7757902,15.5568441],[120.7774058,15.5675052]]],"type":"Polygon"},"properties":{"city":"Licab","key":"San Cristobal||Licab","name":"San Cristobal","psgc":"304914006","sourceType":"barangay-map-search"},"type":"Feature"},{"geometry":{"coordinates":[[[120.800748,15.5012484],[120.8106171,15.5117788],[120.8119697,15.5160837],[120.8098123,15.5218026],[120.8059399,15.5249265],[120.8005584,15.5328659],[120.7949569,15.5273105],[120.7982476,15.519264],[120.7981732,15.5068696],[120.800748,15.5012484]]],"type":"Polygon"},"properties":{"city":"Licab","key":"San Jose||Licab","name":"San Jose","psgc":"304914007","sourceType":"barangay-map-search"},"type":"Feature"},{"geometry":{"coordinates":[[[120.792102,15.5405908],[120.783558,15.5452075],[120.7788513,15.5426934],[120.7741664,15.5431019],[120.7688902,15.5419067],[120.7670957,15.5394624],[120.7589354,15.5376192],[120.757778,15.5410869],[120.7458189,15.5374462],[120.7337328,15.5362144],[120.7338423,15.5284431],[120.7444284,15.5313158],[120.7454873,15.5276493],[120.7596013,15.5299708],[120.7587396,15.524466],[120.7656956,15.5254557],[120.7693093,15.5259275],[120.7726964,15.5230852],[120.781245,15.5226231],[120.7864909,15.5242053],[120.7889578,15.5287361],[120.7888397,15.53292],[120.792102,15.5405908]]],"type":"Polygon"},"properties":{"city":"Licab","key":"San Juan||Licab","name":"San Juan","psgc":"304914008","sourceType":"barangay-map-search"},"type":"Feature"},{"geometry":{"coordinates":[[[120.8005584,15.5328659],[120.7981461,15.5392159],[120.7995394,15.5463483],[120.792102,15.5405908],[120.7888397,15.53292],[120.7889578,15.5287361],[120.7864909,15.5242053],[120.781245,15.5226231],[120.7726964,15.5230852],[120.7693093,15.5259275],[120.7656956,15.5254557],[120.7683768,15.5184347],[120.7687998,15.5135775],[120.7637834,15.5098626],[120.7591291,15.5021491],[120.7657824,15.4970913],[120.7630714,15.4892544],[120.7738248,15.4835689],[120.7772094,15.4840749],[120.784128,15.4894885],[120.7882777,15.4906493],[120.7924603,15.4958664],[120.800748,15.5012484],[120.7981732,15.5068696],[120.7982476,15.519264],[120.7949569,15.5273105],[120.8005584,15.5328659]]],"type":"Polygon"},"properties":{"city":"Licab","key":"Santa Maria||Licab","name":"Santa Maria","psgc":"304914009","sourceType":"barangay-map-search"},"type":"Feature"},{"geometry":{"coordinates":[[[120.7835658,15.5808006],[120.7761784,15.5824714],[120.7708118,15.5782007],[120.7672452,15.5781334],[120.7643389,15.5743331],[120.757095,15.5708921],[120.7568025,15.5654704],[120.7655964,15.5649082],[120.7764127,15.571187],[120.7774058,15.5675052],[120.7792436,15.5725744],[120.7837645,15.5752922],[120.7835658,15.5808006]]],"type":"Polygon"},"properties":{"city":"Licab","key":"Tabing Ilog||Licab","name":"Tabing Ilog","psgc":"304914011","sourceType":"barangay-map-search"},"type":"Feature"},{"geometry":{"coordinates":[[[120.757095,15.5708921],[120.7533799,15.5717512],[120.7468761,15.56926],[120.7449158,15.5644024],[120.738154,15.5614189],[120.7291975,15.5533922],[120.7328638,15.5436784],[120.7297659,15.5394626],[120.7337328,15.5362144],[120.7458189,15.5374462],[120.757778,15.5410869],[120.7570196,15.5432579],[120.7561754,15.5460956],[120.7541308,15.5533167],[120.7568025,15.5654704],[120.757095,15.5708921]]],"type":"Polygon"},"properties":{"city":"Licab","key":"Villarosa||Licab","name":"Villarosa","psgc":"304914012","sourceType":"barangay-map-search"},"type":"Feature"},{"geometry":{"coordinates":[[[121.0303798,15.700924],[121.0051146,15.7099335],[121.0025064,15.7011682],[120.9975014,15.6920306],[121.0106271,15.6884863],[121.027569,15.6858994],[121.0303798,15.700924]]],"type":"Polygon"},"properties":{"city":"Llanera","key":"A. Bonifacio||Llanera","name":"A. Bonifacio","psgc":"304915001","sourceType":"barangay-map-search"},"type":"Feature"},{"geometry":{"coordinates":[[[121.0567811,15.6950105],[121.0313147,15.7044087],[121.0303798,15.700924],[121.027569,15.6858994],[121.0281813,15.6722569],[121.0191204,15.6616337],[121.0229438,15.6580017],[121.0409925,15.6645046],[121.0469681,15.6902963],[121.0567811,15.6950105]]],"type":"Polygon"},"properties":{"city":"Llanera","key":"Bagumbayan||Llanera","name":"Bagumbayan","psgc":"304915016","sourceType":"barangay-map-search"},"type":"Feature"},{"geometry":{"coordinates":[[[121.0028131,15.6613586],[120.9913836,15.6651279],[120.9786594,15.6431751],[120.9780983,15.6306729],[120.9825717,15.6301268],[120.9996852,15.6385325],[121.0119365,15.6481844],[121.0028131,15.6613586]]],"type":"Polygon"},"properties":{"city":"Llanera","key":"Bosque||Llanera","name":"Bosque","psgc":"304915025","sourceType":"barangay-map-search"},"type":"Feature"},{"geometry":{"coordinates":[[[121.0259902,15.7432708],[121.015374,15.7562256],[121.0071038,15.7464292],[121.0259902,15.7432708]]],"type":"Polygon"},"properties":{"city":"Llanera","key":"Caridad Norte||Llanera","name":"Caridad Norte","psgc":"304915002","sourceType":"barangay-map-search"},"type":"Feature"},{"geometry":{"coordinates":[[[121.0259902,15.7432708],[121.0071038,15.7464292],[121.0089704,15.7310979],[121.0230265,15.7278013],[121.0259902,15.7432708]]],"type":"Polygon"},"properties":{"city":"Llanera","key":"Caridad Sur||Llanera","name":"Caridad Sur","psgc":"304915003","sourceType":"barangay-map-search"},"type":"Feature"},{"geometry":{"coordinates":[[[120.9851092,15.6044435],[120.9804732,15.6234274],[120.9721801,15.6112619],[120.9795054,15.5898508],[120.9888054,15.588238],[120.9851092,15.6044435]]],"type":"Polygon"},"properties":{"city":"Llanera","key":"Casile||Llanera","name":"Casile","psgc":"304915004","sourceType":"barangay-map-search"},"type":"Feature"},{"geometry":{"coordinates":[[[120.9978961,15.6897366],[120.9918586,15.6966131],[120.9821032,15.6777506],[120.9916084,15.6750243],[120.9978961,15.6897366]]],"type":"Polygon"},"properties":{"city":"Llanera","key":"Florida Blanca||Llanera","name":"Florida Blanca","psgc":"304915005","sourceType":"barangay-map-search"},"type":"Feature"},{"geometry":{"coordinates":[[[121.016763,15.6191339],[121.0062842,15.6262735],[120.9996852,15.6385325],[120.9825717,15.6301268],[120.9804732,15.6234274],[120.9851092,15.6044435],[120.9966313,15.6149087],[121.006602,15.6112777],[121.016763,15.6191339]]],"type":"Polygon"},"properties":{"city":"Llanera","key":"General Luna||Llanera","name":"General Luna","psgc":"304915006","sourceType":"barangay-map-search"},"type":"Feature"},{"geometry":{"coordinates":[[[121.0213447,15.6299999],[121.0097275,15.6434493],[121.0119365,15.6481844],[120.9996852,15.6385325],[121.0062842,15.6262735],[121.016763,15.6191339],[121.0220577,15.6166087],[121.0213447,15.6299999]]],"type":"Polygon"},"properties":{"city":"Llanera","key":"General Ricarte||Llanera","name":"General Ricarte","psgc":"304915008","sourceType":"barangay-map-search"},"type":"Feature"},{"geometry":{"coordinates":[[[121.0106271,15.6884863],[120.9975014,15.6920306],[120.9978961,15.6897366],[120.9916084,15.6750243],[120.9913836,15.6651279],[121.0028131,15.6613586],[121.0042375,15.6675024],[121.0106271,15.6884863]]],"type":"Polygon"},"properties":{"city":"Llanera","key":"Gomez||Llanera","name":"Gomez","psgc":"304915009","sourceType":"barangay-map-search"},"type":"Feature"},{"geometry":{"coordinates":[[[121.0292106,15.639628],[121.0409925,15.6645046],[121.0229438,15.6580017],[121.0222164,15.6463979],[121.0292106,15.639628]]],"type":"Polygon"},"properties":{"city":"Llanera","key":"Inanama||Llanera","name":"Inanama","psgc":"304915010","sourceType":"barangay-map-search"},"type":"Feature"},{"geometry":{"coordinates":[[[121.0089704,15.7310979],[120.9926612,15.7334146],[120.9899565,15.7273359],[121.008669,15.7158185],[121.0029302,15.724072],[121.0089704,15.7310979]]],"type":"Polygon"},"properties":{"city":"Llanera","key":"Ligaya||Llanera","name":"Ligaya","psgc":"304915011","sourceType":"barangay-map-search"},"type":"Feature"},{"geometry":{"coordinates":[[[121.0222164,15.6463979],[121.0119365,15.6481844],[121.0097275,15.6434493],[121.0213447,15.6299999],[121.0292106,15.639628],[121.0222164,15.6463979]]],"type":"Polygon"},"properties":{"city":"Llanera","key":"Mabini||Llanera","name":"Mabini","psgc":"304915012","sourceType":"barangay-map-search"},"type":"Feature"},{"geometry":{"coordinates":[[[121.0220577,15.6166087],[121.016763,15.6191339],[121.006602,15.6112777],[120.9966313,15.6149087],[120.9851092,15.6044435],[120.9888054,15.588238],[120.9895433,15.5786438],[121.0052836,15.5879653],[121.0078537,15.6041303],[121.0220577,15.6166087]]],"type":"Polygon"},"properties":{"city":"Llanera","key":"Murcon||Llanera","name":"Murcon","psgc":"304915013","sourceType":"barangay-map-search"},"type":"Feature"},{"geometry":{"coordinates":[[[121.0191204,15.6616337],[121.0042375,15.6675024],[121.0028131,15.6613586],[121.0119365,15.6481844],[121.0222164,15.6463979],[121.0229438,15.6580017],[121.0191204,15.6616337]]],"type":"Polygon"},"properties":{"city":"Llanera","key":"Plaridel||Llanera","name":"Plaridel","psgc":"304915015","sourceType":"barangay-map-search"},"type":"Feature"},{"geometry":{"coordinates":[[[121.0567811,15.6950105],[121.060922,15.6968751],[121.068213,15.7228109],[121.0592624,15.7297039],[121.050929,15.7186956],[121.0425337,15.7228521],[121.0395589,15.7163077],[121.0313147,15.7044087],[121.0567811,15.6950105]]],"type":"Polygon"},"properties":{"city":"Llanera","key":"San Felipe||Llanera","name":"San Felipe","psgc":"304915018","sourceType":"barangay-map-search"},"type":"Feature"},{"geometry":{"coordinates":[[[121.0395589,15.7163077],[121.0236189,15.7167639],[121.0029302,15.724072],[121.008669,15.7158185],[121.0051146,15.7099335],[121.0303798,15.700924],[121.0313147,15.7044087],[121.0395589,15.7163077]]],"type":"Polygon"},"properties":{"city":"Llanera","key":"San Francisco||Llanera","name":"San Francisco","psgc":"304915019","sourceType":"barangay-map-search"},"type":"Feature"},{"geometry":{"coordinates":[[[121.0230265,15.7278013],[121.0089704,15.7310979],[121.0029302,15.724072],[121.0236189,15.7167639],[121.0395589,15.7163077],[121.0425337,15.7228521],[121.0230265,15.7278013]]],"type":"Polygon"},"properties":{"city":"Llanera","key":"San Nicolas||Llanera","name":"San Nicolas","psgc":"304915020","sourceType":"barangay-map-search"},"type":"Feature"},{"geometry":{"coordinates":[[[120.9825717,15.6301268],[120.9780983,15.6306729],[120.9645157,15.6225141],[120.9721801,15.6112619],[120.9804732,15.6234274],[120.9825717,15.6301268]]],"type":"Polygon"},"properties":{"city":"Llanera","key":"San Vicente||Llanera","name":"San Vicente","psgc":"304915021","sourceType":"barangay-map-search"},"type":"Feature"},{"geometry":{"coordinates":[[[121.008669,15.7158185],[120.9899565,15.7273359],[120.9811396,15.706632],[121.0025064,15.7011682],[121.0051146,15.7099335],[121.008669,15.7158185]]],"type":"Polygon"},"properties":{"city":"Llanera","key":"Santa Barbara||Llanera","name":"Santa Barbara","psgc":"304915022","sourceType":"barangay-map-search"},"type":"Feature"},{"geometry":{"coordinates":[[[121.027569,15.6858994],[121.0106271,15.6884863],[121.0042375,15.6675024],[121.0191204,15.6616337],[121.0281813,15.6722569],[121.027569,15.6858994]]],"type":"Polygon"},"properties":{"city":"Llanera","key":"Victoria||Llanera","name":"Victoria","psgc":"304915023","sourceType":"barangay-map-search"},"type":"Feature"},{"geometry":{"coordinates":[[[121.0025064,15.7011682],[120.9811396,15.706632],[120.9746025,15.6968878],[120.9918586,15.6966131],[120.9978961,15.6897366],[120.9975014,15.6920306],[121.0025064,15.7011682]]],"type":"Polygon"},"properties":{"city":"Llanera","key":"Villa Viniegas||Llanera","name":"Villa Viniegas","psgc":"304915024","sourceType":"barangay-map-search"},"type":"Feature"},{"geometry":{"coordinates":[[[120.896567,15.8265532],[120.8964611,15.8410071],[120.8856061,15.8243272],[120.8821268,15.8050132],[120.885872,15.8024546],[120.8930739,15.8055357],[120.896567,15.8265532]]],"type":"Polygon"},"properties":{"city":"Lupao","key":"Agupalo Este||Lupao","name":"Agupalo Este","psgc":"304916002","sourceType":"barangay-map-search"},"type":"Feature"},{"geometry":{"coordinates":[[[120.8964611,15.8410071],[120.9034174,15.8509815],[120.8953548,15.8506567],[120.8795199,15.833274],[120.8754559,15.8297498],[120.877091,15.8262415],[120.881793,15.8059773],[120.8821268,15.8050132],[120.8856061,15.8243272],[120.8964611,15.8410071]]],"type":"Polygon"},"properties":{"city":"Lupao","key":"Agupalo Weste||Lupao","name":"Agupalo Weste","psgc":"304916003","sourceType":"barangay-map-search"},"type":"Feature"},{"geometry":{"coordinates":[[[120.8953548,15.8506567],[120.886249,15.8552315],[120.8840817,15.8527754],[120.8795199,15.833274],[120.8953548,15.8506567]]],"type":"Polygon"},"properties":{"city":"Lupao","key":"Alalay Chica||Lupao","name":"Alalay Chica","psgc":"304916004","sourceType":"barangay-map-search"},"type":"Feature"},{"geometry":{"coordinates":[[[120.8840817,15.8527754],[120.8685318,15.8556704],[120.8566514,15.8364579],[120.8754559,15.8297498],[120.8795199,15.833274],[120.8840817,15.8527754]]],"type":"Polygon"},"properties":{"city":"Lupao","key":"Alalay Grande||Lupao","name":"Alalay Grande","psgc":"304916005","sourceType":"barangay-map-search"},"type":"Feature"},{"geometry":{"coordinates":[[[120.901057,15.8833792],[120.9042478,15.8956549],[120.8862627,15.8893246],[120.8915683,15.8787948],[120.8966424,15.8818651],[120.901057,15.8833792]]],"type":"Polygon"},"properties":{"city":"Lupao","key":"Bagong Flores||Lupao","name":"Bagong Flores","psgc":"304916007","sourceType":"barangay-map-search"},"type":"Feature"},{"geometry":{"coordinates":[[[120.9624858,15.860277],[120.9623477,15.8727417],[120.9296443,15.8504975],[120.9208019,15.8473989],[120.9271961,15.8314128],[120.9407632,15.8361018],[120.9624858,15.860277]]],"type":"Polygon"},"properties":{"city":"Lupao","key":"Balbalungao||Lupao","name":"Balbalungao","psgc":"304916008","sourceType":"barangay-map-search"},"type":"Feature"},{"geometry":{"coordinates":[[[120.881793,15.8059773],[120.877091,15.8262415],[120.8545103,15.8153744],[120.8601772,15.7951165],[120.881793,15.8059773]]],"type":"Polygon"},"properties":{"city":"Lupao","key":"Burgos||Lupao","name":"Burgos","psgc":"304916010","sourceType":"barangay-map-search"},"type":"Feature"},{"geometry":{"coordinates":[[[120.9298588,15.8828584],[120.9174182,15.8829041],[120.9126987,15.8741089],[120.9090793,15.8689232],[120.9198564,15.8700252],[120.9298588,15.8828584]]],"type":"Polygon"},"properties":{"city":"Lupao","key":"Cordero||Lupao","name":"Cordero","psgc":"304916013","sourceType":"barangay-map-search"},"type":"Feature"},{"geometry":{"coordinates":[[[120.9126987,15.8741089],[120.9035996,15.8754618],[120.9003705,15.8710586],[120.9090793,15.8689232],[120.9126987,15.8741089]]],"type":"Polygon"},"properties":{"city":"Lupao","key":"J. U. Tienzo||Lupao","name":"J. U. Tienzo","psgc":"304916006","sourceType":"barangay-map-search"},"type":"Feature"},{"geometry":{"coordinates":[[[120.9139879,15.8153894],[120.8930739,15.8055357],[120.885872,15.8024546],[120.8920816,15.7937939],[120.9189023,15.8025487],[120.9139879,15.8153894]]],"type":"Polygon"},"properties":{"city":"Lupao","key":"Mapangpang||Lupao","name":"Mapangpang","psgc":"304916016","sourceType":"barangay-map-search"},"type":"Feature"},{"geometry":{"coordinates":[[[120.9473369,15.8962464],[120.9306169,15.9108924],[120.9120279,15.9210276],[120.9120435,15.905177],[120.9042478,15.8956549],[120.901057,15.8833792],[120.9008117,15.8816025],[120.9035996,15.8754618],[120.9126987,15.8741089],[120.9174182,15.8829041],[120.9298588,15.8828584],[120.9473369,15.8962464]]],"type":"Polygon"},"properties":{"city":"Lupao","key":"Namulandayan||Lupao","name":"Namulandayan","psgc":"304916017","sourceType":"barangay-map-search"},"type":"Feature"},{"geometry":{"coordinates":[[[120.9623477,15.8727417],[120.9473369,15.8962464],[120.9298588,15.8828584],[120.9198564,15.8700252],[120.9090793,15.8689232],[120.9034174,15.8509815],[120.9208019,15.8473989],[120.9296443,15.8504975],[120.9623477,15.8727417]]],"type":"Polygon"},"properties":{"city":"Lupao","key":"Parista||Lupao","name":"Parista","psgc":"304916018","sourceType":"barangay-map-search"},"type":"Feature"},{"geometry":{"coordinates":[[[120.9008117,15.8816025],[120.8980206,15.8757441],[120.8975912,15.8717946],[120.9003705,15.8710586],[120.9035996,15.8754618],[120.9008117,15.8816025]]],"type":"Polygon"},"properties":{"city":"Lupao","key":"Poblacion East||Lupao","name":"Poblacion East","psgc":"304916020","sourceType":"barangay-map-search"},"type":"Feature"},{"geometry":{"coordinates":[[[120.9008117,15.8816025],[120.901057,15.8833792],[120.8966424,15.8818651],[120.897569,15.8775075],[120.8980206,15.8757441],[120.9008117,15.8816025]]],"type":"Polygon"},"properties":{"city":"Lupao","key":"Poblacion North||Lupao","name":"Poblacion North","psgc":"304916021","sourceType":"barangay-map-search"},"type":"Feature"},{"geometry":{"coordinates":[[[120.897569,15.8775075],[120.8966424,15.8818651],[120.8915683,15.8787948],[120.8925185,15.8758955],[120.897569,15.8775075]]],"type":"Polygon"},"properties":{"city":"Lupao","key":"Poblacion South||Lupao","name":"Poblacion South","psgc":"304916022","sourceType":"barangay-map-search"},"type":"Feature"},{"geometry":{"coordinates":[[[120.8980206,15.8757441],[120.897569,15.8775075],[120.8925185,15.8758955],[120.8925017,15.8737695],[120.8975912,15.8717946],[120.8980206,15.8757441]]],"type":"Polygon"},"properties":{"city":"Lupao","key":"Poblacion West||Lupao","name":"Poblacion West","psgc":"304916023","sourceType":"barangay-map-search"},"type":"Feature"},{"geometry":{"coordinates":[[[120.9208019,15.8473989],[120.9034174,15.8509815],[120.8964611,15.8410071],[120.896567,15.8265532],[120.9176816,15.8270274],[120.9271961,15.8314128],[120.9208019,15.8473989]]],"type":"Polygon"},"properties":{"city":"Lupao","key":"Salvacion I||Lupao","name":"Salvacion I","psgc":"304916025","sourceType":"barangay-map-search"},"type":"Feature"},{"geometry":{"coordinates":[[[120.9176816,15.8270274],[120.896567,15.8265532],[120.8930739,15.8055357],[120.9139879,15.8153894],[120.9176816,15.8270274]]],"type":"Polygon"},"properties":{"city":"Lupao","key":"Salvacion II||Lupao","name":"Salvacion II","psgc":"304916026","sourceType":"barangay-map-search"},"type":"Feature"},{"geometry":{"coordinates":[[[120.8975912,15.8717946],[120.8925017,15.8737695],[120.886249,15.8552315],[120.8953548,15.8506567],[120.9034174,15.8509815],[120.9090793,15.8689232],[120.9003705,15.8710586],[120.8975912,15.8717946]]],"type":"Polygon"},"properties":{"city":"Lupao","key":"San Antonio Este||Lupao","name":"San Antonio Este","psgc":"304916028","sourceType":"barangay-map-search"},"type":"Feature"},{"geometry":{"coordinates":[[[120.8925185,15.8758955],[120.8915683,15.8787948],[120.8726126,15.8680653],[120.8685318,15.8556704],[120.8840817,15.8527754],[120.886249,15.8552315],[120.8925017,15.8737695],[120.8925185,15.8758955]]],"type":"Polygon"},"properties":{"city":"Lupao","key":"San Antonio Weste||Lupao","name":"San Antonio Weste","psgc":"304916029","sourceType":"barangay-map-search"},"type":"Feature"},{"geometry":{"coordinates":[[[120.9189023,15.8025487],[120.9411415,15.8125676],[120.9484083,15.8270843],[120.9597564,15.8340571],[120.9624858,15.860277],[120.9407632,15.8361018],[120.9271961,15.8314128],[120.9176816,15.8270274],[120.9139879,15.8153894],[120.9189023,15.8025487]]],"type":"Polygon"},"properties":{"city":"Lupao","key":"San Isidro||Lupao","name":"San Isidro","psgc":"304916030","sourceType":"barangay-map-search"},"type":"Feature"},{"geometry":{"coordinates":[[[120.8915683,15.8787948],[120.8862627,15.8893246],[120.8707847,15.8863191],[120.8726126,15.8680653],[120.8915683,15.8787948]]],"type":"Polygon"},"properties":{"city":"Lupao","key":"San Pedro||Lupao","name":"San Pedro","psgc":"304916032","sourceType":"barangay-map-search"},"type":"Feature"},{"geometry":{"coordinates":[[[120.9120279,15.9210276],[120.9051476,15.9232116],[120.8952467,15.9060568],[120.8738643,15.8960798],[120.8707847,15.8863191],[120.8862627,15.8893246],[120.9042478,15.8956549],[120.9120435,15.905177],[120.9120279,15.9210276]]],"type":"Polygon"},"properties":{"city":"Lupao","key":"San Roque||Lupao","name":"San Roque","psgc":"304916033","sourceType":"barangay-map-search"},"type":"Feature"},{"geometry":{"coordinates":[[[120.8566514,15.8364579],[120.8486396,15.8399636],[120.8392247,15.8312074],[120.8429499,15.818642],[120.8545103,15.8153744],[120.877091,15.8262415],[120.8754559,15.8297498],[120.8566514,15.8364579]]],"type":"Polygon"},"properties":{"city":"Lupao","key":"Santo Domingo||Lupao","name":"Santo Domingo","psgc":"304916034","sourceType":"barangay-map-search"},"type":"Feature"},{"geometry":{"coordinates":[[[120.6975614,15.7214332],[120.6902003,15.7305519],[120.6504754,15.7202499],[120.6529229,15.7149882],[120.656226,15.7078614],[120.6750645,15.7128666],[120.6975614,15.7214332]]],"type":"Polygon"},"properties":{"city":"Nampicuan","key":"Alemania||Nampicuan","name":"Alemania","psgc":"304918001","sourceType":"barangay-map-search"},"type":"Feature"},{"geometry":{"coordinates":[[[120.6902003,15.7305519],[120.676748,15.7406047],[120.6462796,15.7330012],[120.6393685,15.734084],[120.6396158,15.7322292],[120.6504754,15.7202499],[120.6902003,15.7305519]]],"type":"Polygon"},"properties":{"city":"Nampicuan","key":"Ambasador Alzate Village||Nampicuan","name":"Ambasador Alzate Village","psgc":"304918002","sourceType":"barangay-map-search"},"type":"Feature"},{"geometry":{"coordinates":[[[120.676748,15.7406047],[120.6594083,15.7499052],[120.6490403,15.7362624],[120.6400441,15.7401701],[120.6394873,15.7356275],[120.6392386,15.7340688],[120.6393685,15.734084],[120.6462796,15.7330012],[120.676748,15.7406047]]],"type":"Polygon"},"properties":{"city":"Nampicuan","key":"Cabaducan East||Nampicuan","name":"Cabaducan East","psgc":"304918003","sourceType":"barangay-map-search"},"type":"Feature"},{"geometry":{"coordinates":[[[120.6400441,15.7401701],[120.6362808,15.738481],[120.6371654,15.7344967],[120.6394873,15.7356275],[120.6400441,15.7401701]]],"type":"Polygon"},"properties":{"city":"Nampicuan","key":"Cabaducan West||Nampicuan","name":"Cabaducan West","psgc":"304918004","sourceType":"barangay-map-search"},"type":"Feature"},{"geometry":{"coordinates":[[[120.6594083,15.7499052],[120.6244495,15.7628274],[120.6276344,15.7455826],[120.6311211,15.7401498],[120.6362808,15.738481],[120.6400441,15.7401701],[120.6490403,15.7362624],[120.6594083,15.7499052]]],"type":"Polygon"},"properties":{"city":"Nampicuan","key":"Cabawangan||Nampicuan","name":"Cabawangan","psgc":"304918005","sourceType":"barangay-map-search"},"type":"Feature"},{"geometry":{"coordinates":[[[120.6392386,15.7340688],[120.6394873,15.7356275],[120.6371654,15.7344967],[120.6362759,15.7341499],[120.6365936,15.7327194],[120.6392386,15.7340688]]],"type":"Polygon"},"properties":{"city":"Nampicuan","key":"East Central Poblacion||Nampicuan","name":"East Central Poblacion","psgc":"304918008","sourceType":"barangay-map-search"},"type":"Feature"},{"geometry":{"coordinates":[[[120.656226,15.7078614],[120.6529229,15.7149882],[120.6396028,15.7050597],[120.6429885,15.6967603],[120.6593309,15.7012456],[120.656226,15.7078614]]],"type":"Polygon"},"properties":{"city":"Nampicuan","key":"Edy||Nampicuan","name":"Edy","psgc":"304918009","sourceType":"barangay-map-search"},"type":"Feature"},{"geometry":{"coordinates":[[[120.6504754,15.7202499],[120.6396158,15.7322292],[120.6370238,15.7308031],[120.6345501,15.7306006],[120.6322646,15.7284559],[120.6396028,15.7050597],[120.6529229,15.7149882],[120.6504754,15.7202499]]],"type":"Polygon"},"properties":{"city":"Nampicuan","key":"Estacion||Nampicuan","name":"Estacion","psgc":"304918019","sourceType":"barangay-map-search"},"type":"Feature"},{"geometry":{"coordinates":[[[120.6682876,15.6803387],[120.6632764,15.6927404],[120.6460187,15.6893324],[120.6547154,15.676743],[120.6682876,15.6803387]]],"type":"Polygon"},"properties":{"city":"Nampicuan","key":"Maeling||Nampicuan","name":"Maeling","psgc":"304918011","sourceType":"barangay-map-search"},"type":"Feature"},{"geometry":{"coordinates":[[[120.6807422,15.6995622],[120.6750645,15.7128666],[120.656226,15.7078614],[120.6593309,15.7012456],[120.6623541,15.6947212],[120.6685707,15.6963957],[120.6807422,15.6995622]]],"type":"Polygon"},"properties":{"city":"Nampicuan","key":"Mayantoc||Nampicuan","name":"Mayantoc","psgc":"304918012","sourceType":"barangay-map-search"},"type":"Feature"},{"geometry":{"coordinates":[[[120.6777197,15.6849217],[120.6685707,15.6963957],[120.6623541,15.6947212],[120.6632764,15.6927404],[120.6682876,15.6803387],[120.6777197,15.6849217]]],"type":"Polygon"},"properties":{"city":"Nampicuan","key":"Medico||Nampicuan","name":"Medico","psgc":"304918013","sourceType":"barangay-map-search"},"type":"Feature"},{"geometry":{"coordinates":[[[120.6870393,15.6913471],[120.6807422,15.6995622],[120.6685707,15.6963957],[120.6777197,15.6849217],[120.6870393,15.6913471]]],"type":"Polygon"},"properties":{"city":"Nampicuan","key":"Monic||Nampicuan","name":"Monic","psgc":"304918014","sourceType":"barangay-map-search"},"type":"Feature"},{"geometry":{"coordinates":[[[120.6362808,15.738481],[120.6311211,15.7401498],[120.6340143,15.7332152],[120.6362759,15.7341499],[120.6371654,15.7344967],[120.6362808,15.738481]]],"type":"Polygon"},"properties":{"city":"Nampicuan","key":"North Poblacion||Nampicuan","name":"North Poblacion","psgc":"304918016","sourceType":"barangay-map-search"},"type":"Feature"},{"geometry":{"coordinates":[[[120.6301549,15.7318475],[120.6283109,15.7418964],[120.628451,15.7313056],[120.6301549,15.7318475]]],"type":"Polygon"},"properties":{"city":"Nampicuan","key":"Northwest Poblacion||Nampicuan","name":"Northwest Poblacion","psgc":"304918017","sourceType":"barangay-map-search"},"type":"Feature"},{"geometry":{"coordinates":[[[120.6870393,15.6913471],[120.7127492,15.6989572],[120.6975614,15.7214332],[120.6750645,15.7128666],[120.6807422,15.6995622],[120.6870393,15.6913471]]],"type":"Polygon"},"properties":{"city":"Nampicuan","key":"Recuerdo||Nampicuan","name":"Recuerdo","psgc":"304918023","sourceType":"barangay-map-search"},"type":"Feature"},{"geometry":{"coordinates":[[[120.6365936,15.7327194],[120.6362759,15.7341499],[120.6340143,15.7332152],[120.6345501,15.7306006],[120.6370238,15.7308031],[120.6365936,15.7327194]]],"type":"Polygon"},"properties":{"city":"Nampicuan","key":"South Central Poblacion||Nampicuan","name":"South Central Poblacion","psgc":"304918024","sourceType":"barangay-map-search"},"type":"Feature"},{"geometry":{"coordinates":[[[120.6396158,15.7322292],[120.6393685,15.734084],[120.6392386,15.7340688],[120.6365936,15.7327194],[120.6370238,15.7308031],[120.6396158,15.7322292]]],"type":"Polygon"},"properties":{"city":"Nampicuan","key":"Southeast Poblacion||Nampicuan","name":"Southeast Poblacion","psgc":"304918025","sourceType":"barangay-map-search"},"type":"Feature"},{"geometry":{"coordinates":[[[120.6345501,15.7306006],[120.6340143,15.7332152],[120.6301549,15.7318475],[120.6322646,15.7284559],[120.6345501,15.7306006]]],"type":"Polygon"},"properties":{"city":"Nampicuan","key":"Southwest Poblacion||Nampicuan","name":"Southwest Poblacion","psgc":"304918026","sourceType":"barangay-map-search"},"type":"Feature"},{"geometry":{"coordinates":[[[120.6623541,15.6947212],[120.6593309,15.7012456],[120.6429885,15.6967603],[120.6460187,15.6893324],[120.6632764,15.6927404],[120.6623541,15.6947212]]],"type":"Polygon"},"properties":{"city":"Nampicuan","key":"Tony||Nampicuan","name":"Tony","psgc":"304918027","sourceType":"barangay-map-search"},"type":"Feature"},{"geometry":{"coordinates":[[[120.6311211,15.7401498],[120.6276344,15.7455826],[120.6283109,15.7418964],[120.6301549,15.7318475],[120.6340143,15.7332152],[120.6311211,15.7401498]]],"type":"Polygon"},"properties":{"city":"Nampicuan","key":"West Central Poblacion||Nampicuan","name":"West Central Poblacion","psgc":"304918028","sourceType":"barangay-map-search"},"type":"Feature"},{"geometry":{"coordinates":[[[120.6322646,15.7284559],[120.6301549,15.7318475],[120.628451,15.7313056],[120.6322646,15.7284559]]],"type":"Polygon"},"properties":{"city":"Nampicuan","key":"West Poblacion||Nampicuan","name":"West Poblacion","psgc":"304918021","sourceType":"barangay-map-search"},"type":"Feature"},{"geometry":{"coordinates":[[[121.2265409,15.8029514],[121.2175159,15.8030345],[121.2175073,15.7984159],[121.2173884,15.7981553],[121.2115547,15.7853638],[121.210767,15.7811687],[121.2266174,15.720923],[121.2467241,15.7292331],[121.2484327,15.729819],[121.2717104,15.7396882],[121.2520441,15.750861],[121.2473886,15.7561345],[121.244479,15.765191],[121.2308065,15.7712256],[121.2312275,15.778093],[121.2373442,15.7825041],[121.2390276,15.7802865],[121.240183,15.781181],[121.2416924,15.7803735],[121.2419471,15.7780875],[121.2425621,15.777572],[121.243792,15.7785721],[121.2453698,15.7775471],[121.2479415,15.777367],[121.2487801,15.7753233],[121.2501405,15.7749195],[121.2514574,15.7738449],[121.2517866,15.7728262],[121.2531594,15.7730684],[121.2555012,15.7748574],[121.2565448,15.7753233],[121.2624781,15.7745253],[121.2674391,15.7807467],[121.2646675,15.7804207],[121.2628741,15.7827032],[121.2571677,15.7830293],[121.2533691,15.7866098],[121.2486164,15.7902893],[121.2396697,15.7908653],[121.2376101,15.7920574],[121.232058,15.7948032],[121.2298382,15.8001473],[121.2265409,15.8029514]]],"type":"Polygon"},"properties":{"city":"Pantabangan","key":"Cadaclan||Pantabangan","name":"Cadaclan","psgc":"304920001","sourceType":"barangay-map-search"},"type":"Feature"},{"geometry":{"coordinates":[[[121.1870012,15.7213746],[121.1680805,15.733532],[121.1663774,15.736301],[121.1635777,15.7369872],[121.159608,15.7407364],[121.1546458,15.7430521],[121.1517787,15.7455883],[121.1456832,15.7437473],[121.1412754,15.745864],[121.137471,15.7509916],[121.1318472,15.7514878],[121.1296885,15.7508338],[121.1271745,15.7518807],[121.1247376,15.751831],[121.1187782,15.7432108],[121.1135358,15.7407862],[121.1125976,15.7389925],[121.1142726,15.7355793],[121.1140906,15.7342661],[121.1128574,15.733231],[121.1119706,15.7287445],[121.1123266,15.7266166],[121.1392813,15.7289833],[121.1528071,15.7257108],[121.1533134,15.7257115],[121.1821292,15.7102598],[121.1851633,15.7088098],[121.1870012,15.7213746]]],"type":"Polygon"},"properties":{"city":"Pantabangan","key":"Cambitala||Pantabangan","name":"Cambitala","psgc":"304920003","sourceType":"barangay-map-search"},"type":"Feature"},{"geometry":{"coordinates":[[[121.1948269,15.9206003],[121.1939982,15.9220876],[121.1924982,15.9428884],[121.1878599,15.9483869],[121.1896713,15.9771047],[121.1610664,15.9737177],[121.1264629,15.9267817],[121.1059397,15.9186353],[121.1052171,15.9168952],[121.1039089,15.916403],[121.1046834,15.914128],[121.1044093,15.9116474],[121.1026019,15.9097706],[121.1025679,15.9083831],[121.1032447,15.9077273],[121.1039845,15.9054472],[121.1048726,15.9038489],[121.1027744,15.9032431],[121.1016478,15.9018784],[121.1023231,15.9008039],[121.1036159,15.900385],[121.1055461,15.8989931],[121.1059413,15.8975316],[121.1046517,15.8939157],[121.1044144,15.8918231],[121.1057777,15.8911561],[121.1054244,15.8896337],[121.1063672,15.8886334],[121.1066429,15.8873178],[121.1056353,15.8852299],[121.1059754,15.8842322],[121.1050878,15.8836267],[121.1055306,15.8816136],[121.1069177,15.8822384],[121.1084052,15.8823769],[121.107992,15.8851059],[121.1084433,15.8861913],[121.1102691,15.8838449],[121.1117212,15.8840375],[121.1136387,15.8821621],[121.1152479,15.8814002],[121.115897,15.8800806],[121.117891,15.879621],[121.119708,15.8806552],[121.1199198,15.8791727],[121.1214835,15.8804686],[121.1228015,15.8792471],[121.123988,15.8795247],[121.1255885,15.8816258],[121.1254714,15.883042],[121.1287288,15.8841788],[121.1295527,15.885585],[121.1297974,15.8876368],[121.1303464,15.8883628],[121.1298578,15.8900184],[121.1301759,15.8912941],[121.1317327,15.8924748],[121.1330497,15.8921584],[121.1352961,15.8965572],[121.1366127,15.8975396],[121.1401086,15.898618],[121.1408886,15.8967455],[121.140652,15.8959572],[121.1389052,15.8941117],[121.1383345,15.8917186],[121.1383606,15.8903503],[121.141043,15.8895628],[121.1418437,15.8910899],[121.1433448,15.8913807],[121.1459753,15.8937317],[121.1479536,15.8929633],[121.1480337,15.8910592],[121.145193,15.8910016],[121.1444693,15.8893971],[121.1435329,15.8885792],[121.1421992,15.8888189],[121.1407965,15.8872478],[121.139982,15.8873458],[121.1392827,15.8860495],[121.1381532,15.8855841],[121.1377443,15.8842544],[121.1362704,15.8839429],[121.134471,15.8828429],[121.1343599,15.8812769],[121.1324859,15.8803589],[121.1339284,15.8779904],[121.1354828,15.8778235],[121.1796785,15.9097393],[121.1948269,15.9206003]]],"type":"Polygon"},"properties":{"city":"Pantabangan","key":"Conversion||Pantabangan","name":"Conversion","psgc":"304920004","sourceType":"barangay-map-search"},"type":"Feature"},{"geometry":{"coordinates":[[[121.1107373,15.8336877],[121.0886038,15.8658913],[121.0364561,15.8738855],[121.0267249,15.8693394],[121.0211094,15.8668826],[121.0170449,15.8661281],[121.0607465,15.8215259],[121.0604783,15.8134558],[121.0611594,15.7867657],[121.092943,15.7917462],[121.1073908,15.7917818],[121.1318479,15.801049],[121.131777,15.8037006],[121.1307322,15.8035018],[121.1294094,15.8056547],[121.1274586,15.8064178],[121.127301,15.8090356],[121.1254168,15.8095556],[121.1245764,15.808333],[121.1228585,15.8103456],[121.1218931,15.8091789],[121.1232573,15.8084898],[121.1254199,15.8055049],[121.1245517,15.8051753],[121.1218349,15.8071359],[121.1207046,15.8066179],[121.1193311,15.8086093],[121.1180109,15.8084121],[121.1168963,15.8075243],[121.1150116,15.8080961],[121.1140492,15.8111602],[121.1146459,15.81194],[121.1166634,15.811728],[121.1166134,15.8128286],[121.11744,15.8137942],[121.1173935,15.8154041],[121.1164732,15.8156309],[121.1152712,15.8169008],[121.1138313,15.8158734],[121.1138562,15.8150478],[121.1123569,15.8139562],[121.1114788,15.8140854],[121.1061149,15.8162194],[121.106557,15.817518],[121.1077375,15.8170283],[121.1080568,15.8183649],[121.1069951,15.8214143],[121.1049043,15.8246339],[121.105099,15.8260493],[121.1040376,15.8265567],[121.1036617,15.8288132],[121.1053503,15.8321717],[121.1052572,15.8339021],[121.1069825,15.8319037],[121.1082537,15.8321782],[121.1082472,15.8334716],[121.1096,15.8331522],[121.1107373,15.8336877]]],"type":"Polygon"},"properties":{"city":"Pantabangan","key":"Fatima||Pantabangan","name":"Fatima","psgc":"304920017","sourceType":"barangay-map-search"},"type":"Feature"},{"geometry":{"coordinates":[[[121.1135358,15.7407862],[121.1113158,15.742925],[121.1082495,15.7431294],[121.1046727,15.7452245],[121.1011559,15.7435911],[121.0989251,15.7439989],[121.0920672,15.7475355],[121.0888316,15.7427809],[121.0849181,15.7346963],[121.0971753,15.7283898],[121.0983203,15.7276024],[121.1017846,15.726049],[121.1088317,15.7245802],[121.1123266,15.7266166],[121.1119706,15.7287445],[121.1128574,15.733231],[121.1140906,15.7342661],[121.1142726,15.7355793],[121.1125976,15.7389925],[121.1135358,15.7407862]]],"type":"Polygon"},"properties":{"city":"Pantabangan","key":"Ganduz||Pantabangan","name":"Ganduz","psgc":"304920005","sourceType":"barangay-map-search"},"type":"Feature"},{"geometry":{"coordinates":[[[121.2002368,15.9108911],[121.1948269,15.9206003],[121.1796785,15.9097393],[121.1354828,15.8778235],[121.1351699,15.8749799],[121.1359074,15.8741931],[121.1395645,15.8758903],[121.1386892,15.8773574],[121.1389676,15.8787017],[121.1402806,15.8790055],[121.1409347,15.8783024],[121.1421991,15.8785247],[121.1433463,15.8802892],[121.1468748,15.8779784],[121.1481201,15.8791436],[121.1516774,15.8787408],[121.1535683,15.8769076],[121.1528557,15.8758776],[121.1501967,15.8772056],[121.1485821,15.8774334],[121.1475033,15.8769066],[121.145095,15.8769476],[121.1435701,15.8757697],[121.1432659,15.8742691],[121.1423072,15.8745416],[121.1407595,15.8757608],[121.1393963,15.8741772],[121.1375364,15.8737043],[121.1372182,15.8728315],[121.1356096,15.8725979],[121.1362019,15.8710272],[121.138275,15.8690367],[121.138322,15.8671324],[121.1363704,15.8658894],[121.1362341,15.864036],[121.1387326,15.8638913],[121.1406919,15.8621928],[121.1408615,15.8606226],[121.1416197,15.8593654],[121.1436386,15.857631],[121.1453735,15.8567421],[121.1461474,15.856832],[121.1467267,15.855335],[121.1493823,15.8540269],[121.150552,15.8547353],[121.1519576,15.8544869],[121.1527257,15.853108],[121.1542291,15.852169],[121.156072,15.8518768],[121.1566591,15.8527],[121.1576598,15.8512421],[121.1609016,15.8504909],[121.1622443,15.8516218],[121.1624073,15.8497734],[121.1633727,15.8495909],[121.1655295,15.8483033],[121.1673137,15.8496929],[121.1684834,15.8469561],[121.1703248,15.847265],[121.1709003,15.8484282],[121.1722455,15.8473086],[121.1738259,15.8484233],[121.1734366,15.8449183],[121.1745912,15.8435127],[121.1761381,15.8431192],[121.1767386,15.8437285],[121.1760802,15.845347],[121.178678,15.8458925],[121.1804068,15.845442],[121.1814745,15.8436956],[121.1822869,15.8450272],[121.1846168,15.8434953],[121.1860549,15.8442379],[121.1876039,15.8440563],[121.1883892,15.8417696],[121.1826847,15.8421625],[121.1825135,15.8383641],[121.1844603,15.838962],[121.1855805,15.8408845],[121.1875512,15.8394349],[121.1900876,15.8402525],[121.1888727,15.8709348],[121.2002368,15.9108911]]],"type":"Polygon"},"properties":{"city":"Pantabangan","key":"Liberty||Pantabangan","name":"Liberty","psgc":"304920007","sourceType":"barangay-map-search"},"type":"Feature"},{"geometry":{"coordinates":[[[121.2115547,15.7853638],[121.2038352,15.7885536],[121.2001556,15.7869438],[121.1948663,15.7910833],[121.1902668,15.7949928],[121.1849775,15.7979824],[121.1815279,15.7968326],[121.1658669,15.8020751],[121.1590818,15.8061086],[121.1566461,15.8069292],[121.1544556,15.8069586],[121.1531379,15.8040607],[121.1545814,15.8014959],[121.1540589,15.8008026],[121.1550405,15.7998463],[121.1579525,15.7987643],[121.1581432,15.7932197],[121.1625013,15.7690205],[121.1671293,15.7688014],[121.1714009,15.7690266],[121.1730013,15.7626262],[121.1756478,15.7615235],[121.1795073,15.7567819],[121.1833147,15.7590792],[121.204179,15.7309876],[121.1987849,15.7294989],[121.1982519,15.7266319],[121.1951684,15.7272506],[121.1930691,15.7244265],[121.191509,15.7242447],[121.1906922,15.7234606],[121.1897447,15.7237546],[121.1870012,15.7213746],[121.1851633,15.7088098],[121.2266174,15.720923],[121.210767,15.7811687],[121.2115547,15.7853638]]],"type":"Polygon"},"properties":{"city":"Pantabangan","key":"Malbang||Pantabangan","name":"Malbang","psgc":"304920009","sourceType":"barangay-map-search"},"type":"Feature"},{"geometry":{"coordinates":[[[121.2805974,15.7663896],[121.280339,15.767132],[121.263169,15.7975406],[121.243823,15.8326671],[121.2320851,15.8074531],[121.2265409,15.8029514],[121.2298382,15.8001473],[121.232058,15.7948032],[121.2376101,15.7920574],[121.2396697,15.7908653],[121.2486164,15.7902893],[121.2533691,15.7866098],[121.2571677,15.7830293],[121.2628741,15.7827032],[121.2646675,15.7804207],[121.2674391,15.7807467],[121.2624781,15.7745253],[121.2805974,15.7663896]]],"type":"Polygon"},"properties":{"city":"Pantabangan","key":"Marikit||Pantabangan","name":"Marikit","psgc":"304920010","sourceType":"barangay-map-search"},"type":"Feature"},{"geometry":{"coordinates":[[[121.2624781,15.7745253],[121.2565448,15.7753233],[121.2555012,15.7748574],[121.2531594,15.7730684],[121.2517866,15.7728262],[121.2514574,15.7738449],[121.2501405,15.7749195],[121.2487801,15.7753233],[121.2479415,15.777367],[121.2453698,15.7775471],[121.243792,15.7785721],[121.2425621,15.777572],[121.2419471,15.7780875],[121.2416924,15.7803735],[121.240183,15.781181],[121.2390276,15.7802865],[121.2373442,15.7825041],[121.2312275,15.778093],[121.2308065,15.7712256],[121.244479,15.765191],[121.2473886,15.7561345],[121.2520441,15.750861],[121.2717104,15.7396882],[121.2847635,15.7544185],[121.2805974,15.7663896],[121.2624781,15.7745253]]],"type":"Polygon"},"properties":{"city":"Pantabangan","key":"Napon-Napon||Pantabangan","name":"Napon-Napon","psgc":"304920011","sourceType":"barangay-map-search"},"type":"Feature"},{"geometry":{"coordinates":[[[121.1492913,15.8117633],[121.1501253,15.8134045],[121.1499729,15.8154776],[121.1480356,15.8133852],[121.14668,15.8135865],[121.1458339,15.8143624],[121.141199,15.813271],[121.1407202,15.8128395],[121.1318479,15.801049],[121.1073908,15.7917818],[121.1297587,15.77956],[121.1443265,15.7747438],[121.1582298,15.7707625],[121.1625013,15.7690205],[121.1581432,15.7932197],[121.1579525,15.7987643],[121.1550405,15.7998463],[121.1540589,15.8008026],[121.1545814,15.8014959],[121.1531379,15.8040607],[121.1514096,15.8076414],[121.1495659,15.8097806],[121.1492913,15.8117633]]],"type":"Polygon"},"properties":{"city":"Pantabangan","key":"Poblacion East||Pantabangan","name":"Poblacion East","psgc":"304920012","sourceType":"barangay-map-search"},"type":"Feature"},{"geometry":{"coordinates":[[[121.1107373,15.8336877],[121.1122768,15.8351122],[121.1135262,15.8353912],[121.1143237,15.8329808],[121.1155799,15.8324956],[121.1163859,15.8340433],[121.1154487,15.8351777],[121.1174086,15.8365176],[121.1172929,15.8372376],[121.115507,15.8383843],[121.1148423,15.8395863],[121.1146598,15.841102],[121.115291,15.8418377],[121.1168162,15.8420906],[121.1172582,15.8430937],[121.1148528,15.8428722],[121.1134422,15.8442133],[121.1146375,15.8454345],[121.1107175,15.8485452],[121.1108734,15.8503231],[121.1122343,15.8492016],[121.1141964,15.8483248],[121.117981,15.848444],[121.1192321,15.8493393],[121.1199351,15.8483209],[121.1201853,15.8466369],[121.1215923,15.8477188],[121.1230065,15.8470166],[121.1247599,15.8479787],[121.1265326,15.8470498],[121.127853,15.8473114],[121.1275415,15.8484212],[121.1284076,15.8503213],[121.125392,15.8524672],[121.1248549,15.8534044],[121.1246807,15.8572304],[121.1224078,15.8590582],[121.1208188,15.8607088],[121.1230146,15.860678],[121.1243741,15.860268],[121.1249049,15.8620303],[121.1245015,15.864186],[121.1236383,15.8653204],[121.1222169,15.8659988],[121.1204688,15.8654668],[121.121863,15.8676246],[121.1203388,15.8679841],[121.1184512,15.8671796],[121.1165573,15.8677131],[121.1136028,15.869147],[121.1122944,15.8694286],[121.1098493,15.8693089],[121.1086212,15.867606],[121.1088389,15.8668694],[121.1079006,15.8656993],[121.1073081,15.8630017],[121.1054138,15.86193],[121.1038643,15.8614703],[121.1028528,15.8621383],[121.1043758,15.8633556],[121.1065783,15.8643456],[121.1068945,15.8659745],[121.1067461,15.8687052],[121.1069859,15.8697769],[121.1088554,15.8692265],[121.1093421,15.870754],[121.1077493,15.8705537],[121.1053642,15.8711809],[121.1032162,15.8720497],[121.1003053,15.8701508],[121.0981582,15.8706936],[121.0963417,15.870414],[121.0942362,15.8717462],[121.0924925,15.8711157],[121.0914279,15.8720153],[121.0903268,15.8721529],[121.0907342,15.8744352],[121.0933608,15.8739702],[121.0947466,15.8731234],[121.0968604,15.8737293],[121.0990572,15.873155],[121.1003868,15.8740604],[121.0986169,15.8751587],[121.0977076,15.8770874],[121.0984386,15.8785425],[121.100879,15.8783467],[121.1015052,15.8804058],[121.1010789,15.8821251],[121.1012741,15.8833217],[121.1007877,15.8858959],[121.1020225,15.8867514],[121.1003944,15.8884638],[121.0991089,15.8906651],[121.0973199,15.8906334],[121.0958025,15.8918194],[121.0957002,15.8927965],[121.0941626,15.8940444],[121.0979739,15.8964103],[121.099191,15.8982813],[121.1007835,15.8978659],[121.1027071,15.8978818],[121.1018923,15.8994154],[121.100012,15.9002969],[121.0992262,15.901185],[121.0996681,15.9037998],[121.1011964,15.9054529],[121.1001747,15.9069384],[121.1010523,15.9120326],[121.1017856,15.9127535],[121.1028784,15.9119586],[121.1035217,15.9127686],[121.1029385,15.9149434],[121.1009101,15.9166037],[121.0817208,15.9091674],[121.0745466,15.9063107],[121.0504846,15.896553],[121.0364561,15.8738855],[121.0886038,15.8658913],[121.1107373,15.8336877]]],"type":"Polygon"},"properties":{"city":"Pantabangan","key":"Poblacion West||Pantabangan","name":"Poblacion West","psgc":"304920013","sourceType":"barangay-map-search"},"type":"Feature"},{"geometry":{"coordinates":[[[121.1297587,15.77956],[121.1073908,15.7917818],[121.092943,15.7917462],[121.0611594,15.7867657],[121.0676155,15.7764219],[121.0685816,15.7714216],[121.0707216,15.7661437],[121.0888316,15.7427809],[121.0920672,15.7475355],[121.0989251,15.7439989],[121.1011559,15.7435911],[121.1046727,15.7452245],[121.1082495,15.7431294],[121.1113158,15.742925],[121.1135358,15.7407862],[121.1187782,15.7432108],[121.1247376,15.751831],[121.1249178,15.7538439],[121.1230948,15.7570038],[121.1237829,15.759068],[121.1237829,15.7606407],[121.1230948,15.7621151],[121.1222512,15.7658185],[121.1226033,15.7670298],[121.1297587,15.77956]]],"type":"Polygon"},"properties":{"city":"Pantabangan","key":"Sampaloc||Pantabangan","name":"Sampaloc","psgc":"304920014","sourceType":"barangay-map-search"},"type":"Feature"},{"geometry":{"coordinates":[[[121.1625013,15.7690205],[121.1582298,15.7707625],[121.1443265,15.7747438],[121.1297587,15.77956],[121.1226033,15.7670298],[121.1222512,15.7658185],[121.1230948,15.7621151],[121.1237829,15.7606407],[121.1237829,15.759068],[121.1230948,15.7570038],[121.1249178,15.7538439],[121.1247376,15.751831],[121.1271745,15.7518807],[121.1296885,15.7508338],[121.1318472,15.7514878],[121.137471,15.7509916],[121.1412754,15.745864],[121.1456832,15.7437473],[121.1517787,15.7455883],[121.1546458,15.7430521],[121.159608,15.7407364],[121.1635777,15.7369872],[121.1663774,15.736301],[121.1680805,15.733532],[121.1870012,15.7213746],[121.1897447,15.7237546],[121.1906922,15.7234606],[121.191509,15.7242447],[121.1930691,15.7244265],[121.1951684,15.7272506],[121.1982519,15.7266319],[121.1987849,15.7294989],[121.204179,15.7309876],[121.1833147,15.7590792],[121.1795073,15.7567819],[121.1756478,15.7615235],[121.1730013,15.7626262],[121.1714009,15.7690266],[121.1671293,15.7688014],[121.1625013,15.7690205]]],"type":"Polygon"},"properties":{"city":"Pantabangan","key":"San Juan||Pantabangan","name":"San Juan","psgc":"304920015","sourceType":"barangay-map-search"},"type":"Feature"},{"geometry":{"coordinates":[[[121.243823,15.8326671],[121.2325909,15.8551472],[121.2228579,15.872751],[121.2002368,15.9108911],[121.1888727,15.8709348],[121.1900876,15.8402525],[121.1900327,15.8394233],[121.1888657,15.8385728],[121.1911034,15.8379426],[121.1912217,15.8369145],[121.1875989,15.8370456],[121.1871509,15.8360136],[121.189571,15.8338769],[121.1907895,15.834559],[121.1924284,15.8368679],[121.1943625,15.8350962],[121.1929863,15.8349875],[121.1921429,15.8337553],[121.1921593,15.8328234],[121.1945475,15.8312658],[121.1970326,15.8305896],[121.198792,15.8291411],[121.2014556,15.8258756],[121.2020916,15.8261804],[121.2037881,15.8247048],[121.2048891,15.8218262],[121.2034163,15.8221551],[121.2008754,15.8197322],[121.2011724,15.8186818],[121.1994274,15.8171347],[121.1995529,15.8156933],[121.2018452,15.8157956],[121.2029378,15.8163862],[121.2048839,15.816656],[121.2079309,15.8186491],[121.2095816,15.8185693],[121.2093706,15.8195751],[121.208288,15.8198542],[121.206936,15.8210431],[121.208601,15.8215817],[121.2100925,15.8215856],[121.2114468,15.8222758],[121.2127232,15.8212179],[121.2143625,15.8211602],[121.214629,15.8168292],[121.2162515,15.8165984],[121.2164039,15.8174696],[121.2175275,15.8181592],[121.2186948,15.8162515],[121.2201771,15.8172514],[121.2218001,15.8177478],[121.2226525,15.8171991],[121.2198274,15.8151623],[121.2185525,15.8154592],[121.2177807,15.8146772],[121.214958,15.8143719],[121.2123815,15.8129656],[121.2107453,15.812677],[121.2083667,15.8139874],[121.2070033,15.813839],[121.2063941,15.8131307],[121.2040885,15.8119035],[121.2019091,15.8114695],[121.203267,15.8104649],[121.2070662,15.8099295],[121.2080409,15.8092142],[121.2081996,15.8081522],[121.2071882,15.8061433],[121.2098121,15.8055388],[121.2112163,15.8039747],[121.2139561,15.802682],[121.2158803,15.7996864],[121.2175073,15.7984159],[121.2175159,15.8030345],[121.2265409,15.8029514],[121.2320851,15.8074531],[121.243823,15.8326671]]],"type":"Polygon"},"properties":{"city":"Pantabangan","key":"Villarica||Pantabangan","name":"Villarica","psgc":"304920016","sourceType":"barangay-map-search"},"type":"Feature"},{"geometry":{"coordinates":[[[121.023729,15.3406735],[121.0180896,15.337991],[121.0139774,15.3305341],[121.0338339,15.3231035],[121.0595366,15.322005],[121.0765915,15.3263928],[121.0480831,15.340357],[121.023729,15.3406735]]],"type":"Polygon"},"properties":{"city":"Penaranda","key":"Callos||Penaranda","name":"Callos","psgc":"304921001","sourceType":"barangay-map-search"},"type":"Feature"},{"geometry":{"coordinates":[[[121.0430023,15.422942],[121.0244809,15.4272718],[121.0049194,15.414111],[120.9889209,15.3951557],[120.9872673,15.3686973],[121.0007542,15.3610119],[121.0132315,15.369311],[121.0180535,15.3929343],[121.0257079,15.4055014],[121.0388717,15.4134438],[121.0430023,15.422942]]],"type":"Polygon"},"properties":{"city":"Penaranda","key":"Las Piñas||Penaranda","name":"Las Piñas","psgc":"304921003","sourceType":"barangay-map-search"},"type":"Feature"},{"geometry":{"coordinates":[[[121.0095368,15.351566],[121.0069106,15.3547521],[120.9901876,15.3449359],[120.9938663,15.3395511],[121.0095368,15.351566]]],"type":"Polygon"},"properties":{"city":"Penaranda","key":"Poblacion I||Penaranda","name":"Poblacion I","psgc":"304921006","sourceType":"barangay-map-search"},"type":"Feature"},{"geometry":{"coordinates":[[[121.0069106,15.3547521],[121.0054748,15.356157],[120.9901667,15.3451111],[120.9901876,15.3449359],[121.0069106,15.3547521]]],"type":"Polygon"},"properties":{"city":"Penaranda","key":"Poblacion II||Penaranda","name":"Poblacion II","psgc":"304921007","sourceType":"barangay-map-search"},"type":"Feature"},{"geometry":{"coordinates":[[[121.0054748,15.356157],[121.0033159,15.3583365],[120.9895976,15.3463485],[120.9901667,15.3451111],[121.0054748,15.356157]]],"type":"Polygon"},"properties":{"city":"Penaranda","key":"Poblacion III||Penaranda","name":"Poblacion III","psgc":"304921008","sourceType":"barangay-map-search"},"type":"Feature"},{"geometry":{"coordinates":[[[121.0033159,15.3583365],[121.0009608,15.3608982],[120.9891084,15.3481344],[120.9895976,15.3463485],[121.0033159,15.3583365]]],"type":"Polygon"},"properties":{"city":"Penaranda","key":"Poblacion IV||Penaranda","name":"Poblacion IV","psgc":"304921009","sourceType":"barangay-map-search"},"type":"Feature"},{"geometry":{"coordinates":[[[121.0180896,15.337991],[121.0095368,15.351566],[120.9938663,15.3395511],[121.0139774,15.3305341],[121.0180896,15.337991]]],"type":"Polygon"},"properties":{"city":"Penaranda","key":"San Josef||Penaranda","name":"San Josef","psgc":"304921014","sourceType":"barangay-map-search"},"type":"Feature"},{"geometry":{"coordinates":[[[121.0519425,15.4070209],[121.0689107,15.4049579],[121.0825336,15.4157569],[121.0712875,15.4279446],[121.0530439,15.4237601],[121.0519425,15.4070209]]],"type":"Polygon"},"properties":{"city":"Penaranda","key":"San Mariano||Penaranda","name":"San Mariano","psgc":"304921015","sourceType":"barangay-map-search"},"type":"Feature"},{"geometry":{"coordinates":[[[121.0007542,15.3610119],[120.9872673,15.3686973],[120.9799972,15.3590353],[120.9891084,15.3481344],[121.0009608,15.3608982],[121.0007542,15.3610119]]],"type":"Polygon"},"properties":{"city":"Penaranda","key":"Santo Tomas||Penaranda","name":"Santo Tomas","psgc":"304921012","sourceType":"barangay-map-search"},"type":"Feature"},{"geometry":{"coordinates":[[[121.0530439,15.4237601],[121.0430023,15.422942],[121.0388717,15.4134438],[121.0257079,15.4055014],[121.0180535,15.3929343],[121.0132315,15.369311],[121.0007542,15.3610119],[121.0009608,15.3608982],[121.0033159,15.3583365],[121.0054748,15.356157],[121.0069106,15.3547521],[121.0095368,15.351566],[121.0180896,15.337991],[121.023729,15.3406735],[121.0338442,15.3542393],[121.0291809,15.3923102],[121.0433044,15.3929779],[121.0519425,15.4070209],[121.0530439,15.4237601]]],"type":"Polygon"},"properties":{"city":"Penaranda","key":"Sinasajan||Penaranda","name":"Sinasajan","psgc":"304921013","sourceType":"barangay-map-search"},"type":"Feature"},{"geometry":{"coordinates":[[[120.8264238,15.5518287],[120.8174737,15.5495606],[120.8153886,15.5480217],[120.8118688,15.5383712],[120.8173013,15.5382518],[120.8254612,15.5454252],[120.8264238,15.5518287]]],"type":"Polygon"},"properties":{"city":"Quezon","key":"Barangay I||Quezon","name":"Barangay I","psgc":"304922010","sourceType":"barangay-map-search"},"type":"Feature"},{"geometry":{"coordinates":[[[120.8174737,15.5495606],[120.8126403,15.5502395],[120.8153886,15.5480217],[120.8174737,15.5495606]]],"type":"Polygon"},"properties":{"city":"Quezon","key":"Barangay II||Quezon","name":"Barangay II","psgc":"304922011","sourceType":"barangay-map-search"},"type":"Feature"},{"geometry":{"coordinates":[[[120.8197967,15.5917554],[120.804833,15.5954072],[120.7967844,15.5857051],[120.805682,15.5766081],[120.8014853,15.5697804],[120.8093388,15.5595252],[120.8182235,15.561774],[120.8237997,15.5700923],[120.8220578,15.5805502],[120.8197967,15.5917554]]],"type":"Polygon"},"properties":{"city":"Quezon","key":"Bertese||Quezon","name":"Bertese","psgc":"304922001","sourceType":"barangay-map-search"},"type":"Feature"},{"geometry":{"coordinates":[[[120.8126403,15.5502395],[120.800043,15.5472141],[120.8009932,15.5350424],[120.8118688,15.5383712],[120.8153886,15.5480217],[120.8126403,15.5502395]]],"type":"Polygon"},"properties":{"city":"Quezon","key":"Doña Lucia||Quezon","name":"Doña Lucia","psgc":"304922004","sourceType":"barangay-map-search"},"type":"Feature"},{"geometry":{"coordinates":[[[120.834311,15.5612757],[120.8237997,15.5700923],[120.8182235,15.561774],[120.8093388,15.5595252],[120.8014853,15.5697804],[120.7952673,15.5642948],[120.7919987,15.5534481],[120.800043,15.5472141],[120.8126403,15.5502395],[120.8174737,15.5495606],[120.8264238,15.5518287],[120.8310761,15.5522002],[120.834311,15.5612757]]],"type":"Polygon"},"properties":{"city":"Quezon","key":"Dulong Bayan||Quezon","name":"Dulong Bayan","psgc":"304922005","sourceType":"barangay-map-search"},"type":"Feature"},{"geometry":{"coordinates":[[[120.8462007,15.5697355],[120.8460194,15.5741873],[120.8303427,15.5823384],[120.8220578,15.5805502],[120.8237997,15.5700923],[120.834311,15.5612757],[120.8462007,15.5697355]]],"type":"Polygon"},"properties":{"city":"Quezon","key":"Ilog Baliwag||Quezon","name":"Ilog Baliwag","psgc":"304922006","sourceType":"barangay-map-search"},"type":"Feature"},{"geometry":{"coordinates":[[[120.8310761,15.5522002],[120.8264238,15.5518287],[120.8254612,15.5454252],[120.8173013,15.5382518],[120.8098123,15.5218026],[120.8119697,15.5160837],[120.8274927,15.5256631],[120.8361465,15.5440767],[120.8310761,15.5522002]]],"type":"Polygon"},"properties":{"city":"Quezon","key":"Pulong Bahay||Quezon","name":"Pulong Bahay","psgc":"304922012","sourceType":"barangay-map-search"},"type":"Feature"},{"geometry":{"coordinates":[[[120.8681114,15.5427581],[120.8767116,15.5563022],[120.8718193,15.5602393],[120.8599298,15.5803807],[120.8533479,15.5817513],[120.8487565,15.5722569],[120.8544248,15.5590195],[120.8681114,15.5427581]]],"type":"Polygon"},"properties":{"city":"Quezon","key":"San Alejandro||Quezon","name":"San Alejandro","psgc":"304922013","sourceType":"barangay-map-search"},"type":"Feature"},{"geometry":{"coordinates":[[[120.8467138,15.5457541],[120.8361465,15.5440767],[120.8274927,15.5256631],[120.8492651,15.5300478],[120.8547193,15.5331645],[120.8467138,15.5457541]]],"type":"Polygon"},"properties":{"city":"Quezon","key":"San Andres I||Quezon","name":"San Andres I","psgc":"304922014","sourceType":"barangay-map-search"},"type":"Feature"},{"geometry":{"coordinates":[[[120.8681114,15.5427581],[120.8544248,15.5590195],[120.8474651,15.5541367],[120.8467138,15.5457541],[120.8547193,15.5331645],[120.8681114,15.5427581]]],"type":"Polygon"},"properties":{"city":"Quezon","key":"San Andres II||Quezon","name":"San Andres II","psgc":"304922015","sourceType":"barangay-map-search"},"type":"Feature"},{"geometry":{"coordinates":[[[120.8467655,15.5940603],[120.8496396,15.609589],[120.8312844,15.6049561],[120.825117,15.592955],[120.8393885,15.5973631],[120.8467655,15.5940603]]],"type":"Polygon"},"properties":{"city":"Quezon","key":"San Manuel||Quezon","name":"San Manuel","psgc":"304922017","sourceType":"barangay-map-search"},"type":"Feature"},{"geometry":{"coordinates":[[[120.8467655,15.5940603],[120.8393885,15.5973631],[120.825117,15.592955],[120.8197967,15.5917554],[120.8220578,15.5805502],[120.8303427,15.5823384],[120.8460194,15.5741873],[120.8462007,15.5697355],[120.8487565,15.5722569],[120.8533479,15.5817513],[120.8467655,15.5940603]]],"type":"Polygon"},"properties":{"city":"Quezon","key":"San Miguel||Quezon","name":"San Miguel","psgc":"304922024","sourceType":"barangay-map-search"},"type":"Feature"},{"geometry":{"coordinates":[[[120.8014853,15.5697804],[120.805682,15.5766081],[120.7967844,15.5857051],[120.7898538,15.5807982],[120.7952673,15.5642948],[120.8014853,15.5697804]]],"type":"Polygon"},"properties":{"city":"Quezon","key":"Santa Clara||Quezon","name":"Santa Clara","psgc":"304922018","sourceType":"barangay-map-search"},"type":"Feature"},{"geometry":{"coordinates":[[[120.8312844,15.6049561],[120.8309489,15.625693],[120.8216492,15.6285505],[120.8148836,15.610936],[120.804833,15.5954072],[120.8197967,15.5917554],[120.825117,15.592955],[120.8312844,15.6049561]]],"type":"Polygon"},"properties":{"city":"Quezon","key":"Santa Rita||Quezon","name":"Santa Rita","psgc":"304922019","sourceType":"barangay-map-search"},"type":"Feature"},{"geometry":{"coordinates":[[[120.8118688,15.5383712],[120.8009932,15.5350424],[120.8098123,15.5218026],[120.8173013,15.5382518],[120.8118688,15.5383712]]],"type":"Polygon"},"properties":{"city":"Quezon","key":"Santo Cristo||Quezon","name":"Santo Cristo","psgc":"304922020","sourceType":"barangay-map-search"},"type":"Feature"},{"geometry":{"coordinates":[[[120.8544248,15.5590195],[120.8487565,15.5722569],[120.8462007,15.5697355],[120.834311,15.5612757],[120.8310761,15.5522002],[120.8361465,15.5440767],[120.8467138,15.5457541],[120.8474651,15.5541367],[120.8544248,15.5590195]]],"type":"Polygon"},"properties":{"city":"Quezon","key":"Santo Tomas Feria||Quezon","name":"Santo Tomas Feria","psgc":"304922022","sourceType":"barangay-map-search"},"type":"Feature"},{"geometry":{"coordinates":[[[121.091892,15.6743465],[121.086454,15.6854892],[121.0811906,15.6818857],[121.0666797,15.6688391],[121.0726206,15.6661234],[121.0777189,15.6658132],[121.091892,15.6743465]]],"type":"Polygon"},"properties":{"city":"Rizal","key":"Agbannawag||Rizal","name":"Agbannawag","psgc":"304923002","sourceType":"barangay-map-search"},"type":"Feature"},{"geometry":{"coordinates":[[[121.0811906,15.6818857],[121.0641844,15.7114528],[121.060922,15.6968751],[121.0469681,15.6902963],[121.0666797,15.6688391],[121.0811906,15.6818857]]],"type":"Polygon"},"properties":{"city":"Rizal","key":"Aglipay||Rizal","name":"Aglipay","psgc":"304923011","sourceType":"barangay-map-search"},"type":"Feature"},{"geometry":{"coordinates":[[[121.0666797,15.6688391],[121.0469681,15.6902963],[121.0359821,15.6450574],[121.0506391,15.6520516],[121.063521,15.6484358],[121.0726206,15.6661234],[121.0666797,15.6688391]]],"type":"Polygon"},"properties":{"city":"Rizal","key":"Bicos||Rizal","name":"Bicos","psgc":"304923005","sourceType":"barangay-map-search"},"type":"Feature"},{"geometry":{"coordinates":[[[121.107594,15.6941722],[121.097552,15.6928145],[121.086454,15.6854892],[121.091892,15.6743465],[121.0904161,15.6643158],[121.0937446,15.6620519],[121.1214283,15.6705932],[121.1129116,15.6798701],[121.107594,15.6941722]]],"type":"Polygon"},"properties":{"city":"Rizal","key":"Cabucbucan||Rizal","name":"Cabucbucan","psgc":"304923006","sourceType":"barangay-map-search"},"type":"Feature"},{"geometry":{"coordinates":[[[121.1107263,15.70741],[121.1046704,15.7090205],[121.0929379,15.6961423],[121.097552,15.6928145],[121.107594,15.6941722],[121.1107263,15.70741]]],"type":"Polygon"},"properties":{"city":"Rizal","key":"Calaocan District||Rizal","name":"Calaocan District","psgc":"304923007","sourceType":"barangay-map-search"},"type":"Feature"},{"geometry":{"coordinates":[[[121.173048,15.681913],[121.1646271,15.6992516],[121.1499867,15.6985514],[121.1457569,15.6862533],[121.1444549,15.6823444],[121.1505962,15.6754111],[121.173048,15.681913]]],"type":"Polygon"},"properties":{"city":"Rizal","key":"Canaan East||Rizal","name":"Canaan East","psgc":"304923008","sourceType":"barangay-map-search"},"type":"Feature"},{"geometry":{"coordinates":[[[121.1499867,15.6985514],[121.1448087,15.6995428],[121.1365385,15.6927659],[121.1457569,15.6862533],[121.1499867,15.6985514]]],"type":"Polygon"},"properties":{"city":"Rizal","key":"Canaan West||Rizal","name":"Canaan West","psgc":"304923009","sourceType":"barangay-map-search"},"type":"Feature"},{"geometry":{"coordinates":[[[121.1821292,15.7102598],[121.1528071,15.7257108],[121.1446831,15.7119164],[121.1448087,15.6995428],[121.1499867,15.6985514],[121.1646271,15.6992516],[121.1758561,15.6999264],[121.1821292,15.7102598]]],"type":"Polygon"},"properties":{"city":"Rizal","key":"Casilagan||Rizal","name":"Casilagan","psgc":"304923010","sourceType":"barangay-map-search"},"type":"Feature"},{"geometry":{"coordinates":[[[121.0853425,15.7040227],[121.068213,15.7228109],[121.0641844,15.7114528],[121.0811906,15.6818857],[121.086454,15.6854892],[121.097552,15.6928145],[121.0929379,15.6961423],[121.0890305,15.6999195],[121.0853425,15.7040227]]],"type":"Polygon"},"properties":{"city":"Rizal","key":"Del Pilar||Rizal","name":"Del Pilar","psgc":"304923012","sourceType":"barangay-map-search"},"type":"Feature"},{"geometry":{"coordinates":[[[121.1255044,15.6587074],[121.1214283,15.6705932],[121.0937446,15.6620519],[121.1038253,15.6356087],[121.1191396,15.634638],[121.1325021,15.6528422],[121.1255044,15.6587074]]],"type":"Polygon"},"properties":{"city":"Rizal","key":"Estrella||Rizal","name":"Estrella","psgc":"304923013","sourceType":"barangay-map-search"},"type":"Feature"},{"geometry":{"coordinates":[[[121.173048,15.681913],[121.1970116,15.6896317],[121.2207905,15.6925417],[121.2291648,15.7092664],[121.2266174,15.720923],[121.1851633,15.7088098],[121.1821292,15.7102598],[121.1758561,15.6999264],[121.1646271,15.6992516],[121.173048,15.681913]]],"type":"Polygon"},"properties":{"city":"Rizal","key":"General Luna||Rizal","name":"General Luna","psgc":"304923016","sourceType":"barangay-map-search"},"type":"Feature"},{"geometry":{"coordinates":[[[121.1505962,15.6754111],[121.1444549,15.6823444],[121.1263413,15.6818438],[121.1129116,15.6798701],[121.1214283,15.6705932],[121.1255044,15.6587074],[121.1505962,15.6754111]]],"type":"Polygon"},"properties":{"city":"Rizal","key":"Macapsing||Rizal","name":"Macapsing","psgc":"304923018","sourceType":"barangay-map-search"},"type":"Feature"},{"geometry":{"coordinates":[[[121.063521,15.6484358],[121.0506391,15.6520516],[121.0359821,15.6450574],[121.0279049,15.6382355],[121.0602981,15.6325362],[121.0651403,15.6362478],[121.063521,15.6484358]]],"type":"Polygon"},"properties":{"city":"Rizal","key":"Maligaya||Rizal","name":"Maligaya","psgc":"304923019","sourceType":"barangay-map-search"},"type":"Feature"},{"geometry":{"coordinates":[[[121.0777189,15.6658132],[121.0726206,15.6661234],[121.063521,15.6484358],[121.0651403,15.6362478],[121.0828947,15.6280506],[121.1038253,15.6356087],[121.0937446,15.6620519],[121.0904161,15.6643158],[121.0777189,15.6658132]]],"type":"Polygon"},"properties":{"city":"Rizal","key":"Paco Roman||Rizal","name":"Paco Roman","psgc":"304923021","sourceType":"barangay-map-search"},"type":"Feature"},{"geometry":{"coordinates":[[[121.091892,15.6743465],[121.0777189,15.6658132],[121.0904161,15.6643158],[121.091892,15.6743465]]],"type":"Polygon"},"properties":{"city":"Rizal","key":"Pag-asa||Rizal","name":"Pag-asa","psgc":"304923022","sourceType":"barangay-map-search"},"type":"Feature"},{"geometry":{"coordinates":[[[121.1057433,15.7123967],[121.1037907,15.7127666],[121.1016489,15.7112482],[121.104986,15.709939],[121.1057433,15.7123967]]],"type":"Polygon"},"properties":{"city":"Rizal","key":"Poblacion Central||Rizal","name":"Poblacion Central","psgc":"304923025","sourceType":"barangay-map-search"},"type":"Feature"},{"geometry":{"coordinates":[[[121.1100738,15.7119967],[121.1057433,15.7123967],[121.104986,15.709939],[121.1046704,15.7090205],[121.1107263,15.70741],[121.1100738,15.7119967]]],"type":"Polygon"},"properties":{"city":"Rizal","key":"Poblacion East||Rizal","name":"Poblacion East","psgc":"304923026","sourceType":"barangay-map-search"},"type":"Feature"},{"geometry":{"coordinates":[[[121.1106518,15.7171613],[121.1123266,15.7266166],[121.1017846,15.726049],[121.1037907,15.7127666],[121.1057433,15.7123967],[121.1100738,15.7119967],[121.1106518,15.7171613]]],"type":"Polygon"},"properties":{"city":"Rizal","key":"Poblacion Norte||Rizal","name":"Poblacion Norte","psgc":"304923027","sourceType":"barangay-map-search"},"type":"Feature"},{"geometry":{"coordinates":[[[121.104986,15.709939],[121.1016489,15.7112482],[121.0890305,15.6999195],[121.0929379,15.6961423],[121.1046704,15.7090205],[121.104986,15.709939]]],"type":"Polygon"},"properties":{"city":"Rizal","key":"Poblacion Sur||Rizal","name":"Poblacion Sur","psgc":"304923028","sourceType":"barangay-map-search"},"type":"Feature"},{"geometry":{"coordinates":[[[121.1017846,15.726049],[121.0983203,15.7276024],[121.0853425,15.7040227],[121.0890305,15.6999195],[121.1016489,15.7112482],[121.1037907,15.7127666],[121.1017846,15.726049]]],"type":"Polygon"},"properties":{"city":"Rizal","key":"Poblacion West||Rizal","name":"Poblacion West","psgc":"304923029","sourceType":"barangay-map-search"},"type":"Feature"},{"geometry":{"coordinates":[[[121.0760021,15.7390389],[121.0589113,15.7386003],[121.0660698,15.7265086],[121.0760021,15.7390389]]],"type":"Polygon"},"properties":{"city":"Rizal","key":"Portal||Rizal","name":"Portal","psgc":"304923030","sourceType":"barangay-map-search"},"type":"Feature"},{"geometry":{"coordinates":[[[121.1457569,15.6862533],[121.1365385,15.6927659],[121.1263413,15.6818438],[121.1444549,15.6823444],[121.1457569,15.6862533]]],"type":"Polygon"},"properties":{"city":"Rizal","key":"San Esteban||Rizal","name":"San Esteban","psgc":"304923031","sourceType":"barangay-map-search"},"type":"Feature"},{"geometry":{"coordinates":[[[121.1305785,15.7158401],[121.1106518,15.7171613],[121.1100738,15.7119967],[121.1107263,15.70741],[121.107594,15.6941722],[121.1129116,15.6798701],[121.1263413,15.6818438],[121.1365385,15.6927659],[121.1448087,15.6995428],[121.1446831,15.7119164],[121.1305785,15.7158401]]],"type":"Polygon"},"properties":{"city":"Rizal","key":"San Gregorio||Rizal","name":"San Gregorio","psgc":"304923035","sourceType":"barangay-map-search"},"type":"Feature"},{"geometry":{"coordinates":[[[121.0983203,15.7276024],[121.0760021,15.7390389],[121.0660698,15.7265086],[121.068213,15.7228109],[121.0853425,15.7040227],[121.0983203,15.7276024]]],"type":"Polygon"},"properties":{"city":"Rizal","key":"Santa Monica||Rizal","name":"Santa Monica","psgc":"304923032","sourceType":"barangay-map-search"},"type":"Feature"},{"geometry":{"coordinates":[[[121.1528071,15.7257108],[121.1367412,15.7287531],[121.1305785,15.7158401],[121.1446831,15.7119164],[121.1528071,15.7257108]]],"type":"Polygon"},"properties":{"city":"Rizal","key":"Villa Labrador||Rizal","name":"Villa Labrador","psgc":"304923033","sourceType":"barangay-map-search"},"type":"Feature"},{"geometry":{"coordinates":[[[121.1305785,15.7158401],[121.1367412,15.7287531],[121.1123266,15.7266166],[121.1106518,15.7171613],[121.1305785,15.7158401]]],"type":"Polygon"},"properties":{"city":"Rizal","key":"Villa Paraiso||Rizal","name":"Villa Paraiso","psgc":"304923034","sourceType":"barangay-map-search"},"type":"Feature"},{"geometry":{"coordinates":[[[120.8424185,15.2681837],[120.8340399,15.254675],[120.8330508,15.2509262],[120.8380668,15.2444712],[120.8472955,15.2470424],[120.8443018,15.2541054],[120.8463494,15.2600408],[120.8601162,15.2595381],[120.8635671,15.2654932],[120.8731819,15.2739175],[120.8734164,15.2791488],[120.8653169,15.283857],[120.8559374,15.2749596],[120.8509563,15.277074],[120.8511382,15.2818006],[120.8424185,15.2681837]]],"type":"Polygon"},"properties":{"city":"San Antonio","key":"Buliran||San Antonio","name":"Buliran","psgc":"304924001","sourceType":"barangay-map-search"},"type":"Feature"},{"geometry":{"coordinates":[[[120.779768,15.3950605],[120.7753374,15.3997903],[120.7641475,15.399685],[120.7540076,15.401342],[120.7499388,15.3977422],[120.7489386,15.3900151],[120.7428722,15.3830754],[120.7762878,15.383144],[120.779768,15.3950605]]],"type":"Polygon"},"properties":{"city":"San Antonio","key":"Cama Juan||San Antonio","name":"Cama Juan","psgc":"304924002","sourceType":"barangay-map-search"},"type":"Feature"},{"geometry":{"coordinates":[[[120.8750783,15.3047417],[120.8667887,15.3124263],[120.8593607,15.3049629],[120.8591067,15.3028025],[120.8643102,15.2946811],[120.8690307,15.3048635],[120.8750783,15.3047417]]],"type":"Polygon"},"properties":{"city":"San Antonio","key":"Julo||San Antonio","name":"Julo","psgc":"304924003","sourceType":"barangay-map-search"},"type":"Feature"},{"geometry":{"coordinates":[[[120.8650303,15.3393648],[120.866268,15.3436811],[120.8585989,15.3518],[120.8602686,15.3642083],[120.8462972,15.350478],[120.848624,15.3424088],[120.8524796,15.3384403],[120.8532638,15.3329519],[120.8650303,15.3393648]]],"type":"Polygon"},"properties":{"city":"San Antonio","key":"Lawang Kupang||San Antonio","name":"Lawang Kupang","psgc":"304924004","sourceType":"barangay-map-search"},"type":"Feature"},{"geometry":{"coordinates":[[[120.8544165,15.2891796],[120.8436442,15.2916455],[120.8401409,15.288798],[120.8329346,15.2896178],[120.8212379,15.2851665],[120.8073,15.286678],[120.7829952,15.2872549],[120.7744312,15.2761849],[120.8424185,15.2681837],[120.8511382,15.2818006],[120.8544165,15.2891796]]],"type":"Polygon"},"properties":{"city":"San Antonio","key":"Luyos||San Antonio","name":"Luyos","psgc":"304924005","sourceType":"barangay-map-search"},"type":"Feature"},{"geometry":{"coordinates":[[[120.8635341,15.3169265],[120.8607664,15.3213551],[120.850856,15.3130591],[120.8557199,15.3088431],[120.8583881,15.3090576],[120.8635341,15.3169265]]],"type":"Polygon"},"properties":{"city":"San Antonio","key":"Maugat||San Antonio","name":"Maugat","psgc":"304924006","sourceType":"barangay-map-search"},"type":"Feature"},{"geometry":{"coordinates":[[[120.7762878,15.383144],[120.7428722,15.3830754],[120.7451553,15.3779189],[120.7454951,15.3690667],[120.741987,15.3635669],[120.7431369,15.3590475],[120.7451156,15.3544066],[120.7507573,15.3510781],[120.7644023,15.3461971],[120.7726299,15.3444929],[120.7917764,15.3374869],[120.7879275,15.3426632],[120.7880295,15.3432708],[120.7836197,15.3449708],[120.7738407,15.3585031],[120.7756248,15.3672217],[120.7743793,15.3733652],[120.7762878,15.383144]]],"type":"Polygon"},"properties":{"city":"San Antonio","key":"Panabingan||San Antonio","name":"Panabingan","psgc":"304924007","sourceType":"barangay-map-search"},"type":"Feature"},{"geometry":{"coordinates":[[[120.848624,15.3424088],[120.8329493,15.3356853],[120.7879275,15.3426632],[120.7917764,15.3374869],[120.7903593,15.3319257],[120.7845331,15.3236366],[120.7865591,15.3220945],[120.7837256,15.3026289],[120.7939554,15.3040924],[120.7982433,15.3097204],[120.8096495,15.3091446],[120.8164369,15.3114496],[120.833173,15.3063812],[120.8385993,15.3107328],[120.8388152,15.3163473],[120.8425279,15.3196911],[120.847083,15.3181837],[120.850856,15.3130591],[120.8607664,15.3213551],[120.8532638,15.3329519],[120.8524796,15.3384403],[120.848624,15.3424088]]],"type":"Polygon"},"properties":{"city":"San Antonio","key":"Papaya||San Antonio","name":"Papaya","psgc":"304924008","sourceType":"barangay-map-search"},"type":"Feature"},{"geometry":{"coordinates":[[[120.8593607,15.3049629],[120.8583881,15.3090576],[120.8557199,15.3088431],[120.8513848,15.3044028],[120.8546676,15.3008753],[120.8591067,15.3028025],[120.8593607,15.3049629]]],"type":"Polygon"},"properties":{"city":"San Antonio","key":"Poblacion||San Antonio","name":"Poblacion","psgc":"304924009","sourceType":"barangay-map-search"},"type":"Feature"},{"geometry":{"coordinates":[[[120.8602686,15.3642083],[120.8528317,15.3734023],[120.8439077,15.3729227],[120.8408219,15.3782165],[120.8279786,15.3794375],[120.8242583,15.3814019],[120.8147444,15.3912944],[120.8094766,15.3778864],[120.7928934,15.3647186],[120.7891786,15.3585736],[120.7917263,15.3490271],[120.7880295,15.3432708],[120.7879275,15.3426632],[120.8329493,15.3356853],[120.848624,15.3424088],[120.8462972,15.350478],[120.8602686,15.3642083]]],"type":"Polygon"},"properties":{"city":"San Antonio","key":"San Francisco||San Antonio","name":"San Francisco","psgc":"304924011","sourceType":"barangay-map-search"},"type":"Feature"},{"geometry":{"coordinates":[[[120.7917764,15.3374869],[120.7726299,15.3444929],[120.7644023,15.3461971],[120.7507573,15.3510781],[120.7451156,15.3544066],[120.7431369,15.3590475],[120.7366099,15.3494495],[120.7387885,15.3413007],[120.7384524,15.3335359],[120.7450071,15.3261187],[120.7530613,15.3249524],[120.7557201,15.3194383],[120.742012,15.3008043],[120.748847,15.2881498],[120.7495589,15.2741155],[120.7395494,15.2756971],[120.7354047,15.2572456],[120.7447009,15.2581518],[120.7450329,15.263006],[120.7550893,15.26612],[120.7707696,15.2675914],[120.7744312,15.2761849],[120.7829952,15.2872549],[120.7794911,15.2943133],[120.7837256,15.3026289],[120.7865591,15.3220945],[120.7845331,15.3236366],[120.7903593,15.3319257],[120.7917764,15.3374869]]],"type":"Polygon"},"properties":{"city":"San Antonio","key":"San Jose||San Antonio","name":"San Jose","psgc":"304924012","sourceType":"barangay-map-search"},"type":"Feature"},{"geometry":{"coordinates":[[[120.8650303,15.3393648],[120.8532638,15.3329519],[120.8607664,15.3213551],[120.8635341,15.3169265],[120.8667887,15.3124263],[120.8750783,15.3047417],[120.8823435,15.3027935],[120.8900313,15.3125022],[120.8843964,15.3186888],[120.8837827,15.3239211],[120.8741968,15.3364967],[120.8650303,15.3393648]]],"type":"Polygon"},"properties":{"city":"San Antonio","key":"San Mariano||San Antonio","name":"San Mariano","psgc":"304924013","sourceType":"barangay-map-search"},"type":"Feature"},{"geometry":{"coordinates":[[[120.8147444,15.3912944],[120.8108537,15.390797],[120.8084229,15.3963658],[120.7995037,15.4010177],[120.7887202,15.3999836],[120.7866123,15.3958065],[120.779768,15.3950605],[120.7762878,15.383144],[120.7743793,15.3733652],[120.7756248,15.3672217],[120.7738407,15.3585031],[120.7836197,15.3449708],[120.7880295,15.3432708],[120.7917263,15.3490271],[120.7891786,15.3585736],[120.7928934,15.3647186],[120.8094766,15.3778864],[120.8147444,15.3912944]]],"type":"Polygon"},"properties":{"city":"San Antonio","key":"Santa Barbara||San Antonio","name":"Santa Barbara","psgc":"304924016","sourceType":"barangay-map-search"},"type":"Feature"},{"geometry":{"coordinates":[[[120.850856,15.3130591],[120.847083,15.3181837],[120.8425279,15.3196911],[120.8388152,15.3163473],[120.8385993,15.3107328],[120.8513848,15.3044028],[120.8557199,15.3088431],[120.850856,15.3130591]]],"type":"Polygon"},"properties":{"city":"San Antonio","key":"Santa Cruz||San Antonio","name":"Santa Cruz","psgc":"304924014","sourceType":"barangay-map-search"},"type":"Feature"},{"geometry":{"coordinates":[[[120.8385993,15.3107328],[120.833173,15.3063812],[120.8164369,15.3114496],[120.8096495,15.3091446],[120.7982433,15.3097204],[120.7939554,15.3040924],[120.7837256,15.3026289],[120.7794911,15.2943133],[120.7829952,15.2872549],[120.8073,15.286678],[120.8212379,15.2851665],[120.8329346,15.2896178],[120.8401409,15.288798],[120.8436442,15.2916455],[120.8544165,15.2891796],[120.8643102,15.2946811],[120.8591067,15.3028025],[120.8546676,15.3008753],[120.8513848,15.3044028],[120.8385993,15.3107328]]],"type":"Polygon"},"properties":{"city":"San Antonio","key":"Santo Cristo||San Antonio","name":"Santo Cristo","psgc":"304924015","sourceType":"barangay-map-search"},"type":"Feature"},{"geometry":{"coordinates":[[[120.8667887,15.3124263],[120.8635341,15.3169265],[120.8583881,15.3090576],[120.8593607,15.3049629],[120.8667887,15.3124263]]],"type":"Polygon"},"properties":{"city":"San Antonio","key":"Tikiw||San Antonio","name":"Tikiw","psgc":"304924017","sourceType":"barangay-map-search"},"type":"Feature"},{"geometry":{"coordinates":[[[120.9006971,15.3134622],[120.8857965,15.306997],[120.9019119,15.2990171],[120.9006971,15.3134622]]],"type":"Polygon"},"properties":{"city":"San Isidro","key":"Alua||San Isidro","name":"Alua","psgc":"304925001","sourceType":"barangay-map-search"},"type":"Feature"},{"geometry":{"coordinates":[[[120.8813288,15.30255],[120.8638016,15.2939409],[120.8755656,15.2837984],[120.8829794,15.2972797],[120.8813288,15.30255]]],"type":"Polygon"},"properties":{"city":"San Isidro","key":"Calaba||San Isidro","name":"Calaba","psgc":"304925002","sourceType":"barangay-map-search"},"type":"Feature"},{"geometry":{"coordinates":[[[120.9271452,15.3000747],[120.9170538,15.3162596],[120.9152059,15.2982536],[120.9271452,15.3000747]]],"type":"Polygon"},"properties":{"city":"San Isidro","key":"Malapit||San Isidro","name":"Malapit","psgc":"304925004","sourceType":"barangay-map-search"},"type":"Feature"},{"geometry":{"coordinates":[[[120.9205777,15.2223214],[120.9150579,15.2355111],[120.9140452,15.2601394],[120.8985483,15.2575114],[120.9022686,15.2399428],[120.8916377,15.2253045],[120.9092962,15.218514],[120.9205777,15.2223214]]],"type":"Polygon"},"properties":{"city":"San Isidro","key":"Mangga||San Isidro","name":"Mangga","psgc":"304925005","sourceType":"barangay-map-search"},"type":"Feature"},{"geometry":{"coordinates":[[[120.9170538,15.3162596],[120.9006971,15.3134622],[120.9019119,15.2990171],[120.9152059,15.2982536],[120.9170538,15.3162596]]],"type":"Polygon"},"properties":{"city":"San Isidro","key":"Poblacion||San Isidro","name":"Poblacion","psgc":"304925006","sourceType":"barangay-map-search"},"type":"Feature"},{"geometry":{"coordinates":[[[120.9205777,15.2223214],[120.9394996,15.2340128],[120.9416382,15.242262],[120.9333496,15.2743692],[120.9140452,15.2601394],[120.9150579,15.2355111],[120.9205777,15.2223214]]],"type":"Polygon"},"properties":{"city":"San Isidro","key":"Pulo||San Isidro","name":"Pulo","psgc":"304925008","sourceType":"barangay-map-search"},"type":"Feature"},{"geometry":{"coordinates":[[[120.8829794,15.2972797],[120.8755656,15.2837984],[120.8937908,15.287199],[120.8829794,15.2972797]]],"type":"Polygon"},"properties":{"city":"San Isidro","key":"San Roque||San Isidro","name":"San Roque","psgc":"304925010","sourceType":"barangay-map-search"},"type":"Feature"},{"geometry":{"coordinates":[[[120.9019119,15.2990171],[120.8857965,15.306997],[120.8813288,15.30255],[120.8829794,15.2972797],[120.8937908,15.287199],[120.8977613,15.2824748],[120.9019119,15.2990171]]],"type":"Polygon"},"properties":{"city":"San Isidro","key":"Sto. Cristo||San Isidro","name":"Sto. Cristo","psgc":"304925011","sourceType":"barangay-map-search"},"type":"Feature"},{"geometry":{"coordinates":[[[120.9333496,15.2743692],[120.9271452,15.3000747],[120.9152059,15.2982536],[120.9019119,15.2990171],[120.8977613,15.2824748],[120.9045128,15.2765577],[120.8985483,15.2575114],[120.9140452,15.2601394],[120.9333496,15.2743692]]],"type":"Polygon"},"properties":{"city":"San Isidro","key":"Tabon||San Isidro","name":"Tabon","psgc":"304925012","sourceType":"barangay-map-search"},"type":"Feature"},{"geometry":{"coordinates":[[[120.9799108,15.7084586],[120.9681553,15.7117205],[120.9615699,15.7067322],[120.9568784,15.7037745],[120.964513,15.6981214],[120.9750671,15.6952241],[120.9799108,15.7084586]]],"type":"Polygon"},"properties":{"city":"San Jose City","key":"A. Pascual||San Jose City","name":"A. Pascual","psgc":"304926001","sourceType":"barangay-map-search"},"type":"Feature"},{"geometry":{"coordinates":[[[120.9602455,15.7874397],[120.947795,15.7813354],[120.9611533,15.7829958],[120.9689486,15.7717167],[120.9725157,15.7765325],[120.9688189,15.7835666],[120.9602455,15.7874397]]],"type":"Polygon"},"properties":{"city":"San Jose City","key":"Abar 2nd||San Jose City","name":"Abar 2nd","psgc":"304926003","sourceType":"barangay-map-search"},"type":"Feature"},{"geometry":{"coordinates":[[[120.986193,15.7948103],[120.9817696,15.7947369],[120.9640872,15.7869763],[120.9602455,15.7874397],[120.9688189,15.7835666],[120.9725157,15.7765325],[120.9812169,15.7779621],[120.9874824,15.7798461],[120.9890801,15.7874616],[120.9888247,15.7884445],[120.986193,15.7948103]]],"type":"Polygon"},"properties":{"city":"San Jose City","key":"Abar Ist||San Jose City","name":"Abar Ist","psgc":"304926002","sourceType":"barangay-map-search"},"type":"Feature"},{"geometry":{"coordinates":[[[121.0534573,15.7279506],[121.0340617,15.7420302],[121.0303549,15.7485488],[121.0277563,15.7481374],[121.0228834,15.7360661],[121.0230265,15.7278013],[121.0459908,15.7218849],[121.0534573,15.7279506]]],"type":"Polygon"},"properties":{"city":"San Jose City","key":"Bagong Sikat||San Jose City","name":"Bagong Sikat","psgc":"304926004","sourceType":"barangay-map-search"},"type":"Feature"},{"geometry":{"coordinates":[[[120.9689486,15.7717167],[120.9611533,15.7829958],[120.947795,15.7813354],[120.9372188,15.7793392],[120.9429798,15.7690444],[120.9583348,15.7602161],[120.9646538,15.7620651],[120.9689486,15.7717167]]],"type":"Polygon"},"properties":{"city":"San Jose City","key":"Caanawan||San Jose City","name":"Caanawan","psgc":"304926005","sourceType":"barangay-map-search"},"type":"Feature"},{"geometry":{"coordinates":[[[121.004169,15.7816542],[120.9953971,15.7894247],[120.9909366,15.787482],[120.9890801,15.7874616],[120.9874824,15.7798461],[120.9812169,15.7779621],[120.9939949,15.773462],[121.0034187,15.7744359],[121.004169,15.7816542]]],"type":"Polygon"},"properties":{"city":"San Jose City","key":"Calaocan||San Jose City","name":"Calaocan","psgc":"304926006","sourceType":"barangay-map-search"},"type":"Feature"},{"geometry":{"coordinates":[[[120.9812169,15.7779621],[120.9725157,15.7765325],[120.9689486,15.7717167],[120.9646538,15.7620651],[120.9696679,15.7610425],[120.9771725,15.7555191],[120.9931697,15.7576965],[120.9930143,15.7581669],[120.9867925,15.7616567],[120.9939949,15.773462],[120.9812169,15.7779621]]],"type":"Polygon"},"properties":{"city":"San Jose City","key":"Camanacsacan||San Jose City","name":"Camanacsacan","psgc":"304926007","sourceType":"barangay-map-search"},"type":"Feature"},{"geometry":{"coordinates":[[[120.9980611,15.7957744],[120.9979872,15.7958654],[120.9898192,15.7892148],[120.9888247,15.7884445],[120.9890801,15.7874616],[120.9909366,15.787482],[120.9950965,15.7908445],[120.9980611,15.7957744]]],"type":"Polygon"},"properties":{"city":"San Jose City","key":"Canuto Ramos Pob.||San Jose City","name":"Canuto Ramos Pob.","psgc":"304926021","sourceType":"barangay-map-search"},"type":"Feature"},{"geometry":{"coordinates":[[[120.9953971,15.7894247],[120.9950965,15.7908445],[120.9909366,15.787482],[120.9953971,15.7894247]]],"type":"Polygon"},"properties":{"city":"San Jose City","key":"Crisanto Sanchez Pob.||San Jose City","name":"Crisanto Sanchez Pob.","psgc":"304926023","sourceType":"barangay-map-search"},"type":"Feature"},{"geometry":{"coordinates":[[[121.061026,15.7901001],[121.0609012,15.7968414],[121.0261895,15.7901637],[121.0226225,15.7914351],[121.0205555,15.7834135],[121.0139589,15.7831912],[121.0255638,15.7804693],[121.0397762,15.7813506],[121.0526086,15.7887924],[121.061026,15.7901001]]],"type":"Polygon"},"properties":{"city":"San Jose City","key":"Culaylay||San Jose City","name":"Culaylay","psgc":"304926008","sourceType":"barangay-map-search"},"type":"Feature"},{"geometry":{"coordinates":[[[120.9856308,15.7461662],[120.9772475,15.7358085],[120.9768966,15.7243904],[120.9887557,15.7230465],[120.9922704,15.7336511],[120.9965948,15.7437489],[120.9856308,15.7461662]]],"type":"Polygon"},"properties":{"city":"San Jose City","key":"Dizol||San Jose City","name":"Dizol","psgc":"304926009","sourceType":"barangay-map-search"},"type":"Feature"},{"geometry":{"coordinates":[[[120.9969643,15.7959156],[120.9939998,15.7970467],[120.9892932,15.7902486],[120.9969643,15.7959156]]],"type":"Polygon"},"properties":{"city":"San Jose City","key":"Ferdinand E. Marcos Pob.||San Jose City","name":"Ferdinand E. Marcos Pob.","psgc":"304926020","sourceType":"barangay-map-search"},"type":"Feature"},{"geometry":{"coordinates":[[[121.0607465,15.8215259],[121.0377541,15.8272844],[121.0205749,15.8167521],[121.0191766,15.8114672],[121.026259,15.7991707],[121.0434385,15.8097431],[121.0520055,15.8081731],[121.0604783,15.8134558],[121.0607465,15.8215259]]],"type":"Polygon"},"properties":{"city":"San Jose City","key":"Kaliwanagan||San Jose City","name":"Kaliwanagan","psgc":"304926010","sourceType":"barangay-map-search"},"type":"Feature"},{"geometry":{"coordinates":[[[121.0213763,15.8269481],[121.0119381,15.8237017],[121.0103245,15.8387046],[120.9990404,15.8319328],[121.0024468,15.8152821],[121.0081386,15.8052908],[121.0191766,15.8114672],[121.0205749,15.8167521],[121.0213763,15.8269481]]],"type":"Polygon"},"properties":{"city":"San Jose City","key":"Kita-Kita||San Jose City","name":"Kita-Kita","psgc":"304926011","sourceType":"barangay-map-search"},"type":"Feature"},{"geometry":{"coordinates":[[[121.0081386,15.8052908],[121.0024468,15.8152821],[120.9990404,15.8319328],[120.9949271,15.8307705],[120.9898583,15.8139478],[120.9929624,15.7985966],[120.9939998,15.7970467],[120.9969643,15.7959156],[120.9979872,15.7958654],[120.9980611,15.7957744],[121.0058215,15.7945984],[121.0081386,15.8052908]]],"type":"Polygon"},"properties":{"city":"San Jose City","key":"Malasin||San Jose City","name":"Malasin","psgc":"304926012","sourceType":"barangay-map-search"},"type":"Feature"},{"geometry":{"coordinates":[[[121.0213763,15.8269481],[121.0253486,15.8396929],[121.0118687,15.8627392],[121.005444,15.8613736],[121.0103245,15.8387046],[121.0119381,15.8237017],[121.0213763,15.8269481]]],"type":"Polygon"},"properties":{"city":"San Jose City","key":"Manicla||San Jose City","name":"Manicla","psgc":"304926013","sourceType":"barangay-map-search"},"type":"Feature"},{"geometry":{"coordinates":[[[121.0139589,15.7831912],[121.0041296,15.788055],[121.004169,15.7816542],[121.0034187,15.7744359],[121.0141483,15.7548356],[121.0215297,15.7546312],[121.0285232,15.7650962],[121.0248538,15.7702762],[121.0255638,15.7804693],[121.0139589,15.7831912]]],"type":"Polygon"},"properties":{"city":"San Jose City","key":"Palestina||San Jose City","name":"Palestina","psgc":"304926014","sourceType":"barangay-map-search"},"type":"Feature"},{"geometry":{"coordinates":[[[121.0035384,15.7419829],[120.9965948,15.7437489],[120.9922704,15.7336511],[121.00853,15.7321256],[121.0035384,15.7419829]]],"type":"Polygon"},"properties":{"city":"San Jose City","key":"Parang Mangga||San Jose City","name":"Parang Mangga","psgc":"304926015","sourceType":"barangay-map-search"},"type":"Feature"},{"geometry":{"coordinates":[[[121.0397762,15.7813506],[121.0255638,15.7804693],[121.0248538,15.7702762],[121.0285232,15.7650962],[121.0215297,15.7546312],[121.0277563,15.7481374],[121.0303549,15.7485488],[121.0293801,15.7540976],[121.0461668,15.7621631],[121.0397762,15.7813506]]],"type":"Polygon"},"properties":{"city":"San Jose City","key":"Pinili||San Jose City","name":"Pinili","psgc":"304926017","sourceType":"barangay-map-search"},"type":"Feature"},{"geometry":{"coordinates":[[[121.047346,15.760841],[121.0461668,15.7621631],[121.0293801,15.7540976],[121.0303549,15.7485488],[121.0340617,15.7420302],[121.0534573,15.7279506],[121.0545523,15.7301925],[121.04633,15.7409476],[121.047346,15.760841]]],"type":"Polygon"},"properties":{"city":"San Jose City","key":"Porais||San Jose City","name":"Porais","psgc":"304926024","sourceType":"barangay-map-search"},"type":"Feature"},{"geometry":{"coordinates":[[[120.9939998,15.7970467],[120.9929624,15.7985966],[120.986193,15.7948103],[120.9888247,15.7884445],[120.9898192,15.7892148],[120.9892932,15.7902486],[120.9939998,15.7970467]]],"type":"Polygon"},"properties":{"city":"San Jose City","key":"Rafael Rueda, Sr. Pob.||San Jose City","name":"Rafael Rueda, Sr. Pob.","psgc":"304926019","sourceType":"barangay-map-search"},"type":"Feature"},{"geometry":{"coordinates":[[[120.9979872,15.7958654],[120.9969643,15.7959156],[120.9892932,15.7902486],[120.9898192,15.7892148],[120.9979872,15.7958654]]],"type":"Polygon"},"properties":{"city":"San Jose City","key":"Raymundo Eugenio Pob.||San Jose City","name":"Raymundo Eugenio Pob.","psgc":"304926022","sourceType":"barangay-map-search"},"type":"Feature"},{"geometry":{"coordinates":[[[121.026259,15.7991707],[121.0191766,15.8114672],[121.0081386,15.8052908],[121.0058215,15.7945984],[121.0041296,15.788055],[121.0139589,15.7831912],[121.0205555,15.7834135],[121.0226225,15.7914351],[121.026259,15.7991707]]],"type":"Polygon"},"properties":{"city":"San Jose City","key":"San Agustin||San Jose City","name":"San Agustin","psgc":"304926027","sourceType":"barangay-map-search"},"type":"Feature"},{"geometry":{"coordinates":[[[121.0707216,15.7661437],[121.061026,15.7901001],[121.0526086,15.7887924],[121.0397762,15.7813506],[121.0461668,15.7621631],[121.047346,15.760841],[121.0580019,15.7651815],[121.0707216,15.7661437]]],"type":"Polygon"},"properties":{"city":"San Jose City","key":"San Juan||San Jose City","name":"San Juan","psgc":"304926028","sourceType":"barangay-map-search"},"type":"Feature"},{"geometry":{"coordinates":[[[120.9750671,15.6952241],[120.964513,15.6981214],[120.9568784,15.7037745],[120.9490088,15.6935763],[120.9506085,15.6851559],[120.9569079,15.6794262],[120.9696041,15.6824875],[120.9750671,15.6952241]]],"type":"Polygon"},"properties":{"city":"San Jose City","key":"San Mauricio||San Jose City","name":"San Mauricio","psgc":"304926029","sourceType":"barangay-map-search"},"type":"Feature"},{"geometry":{"coordinates":[[[120.9898583,15.8139478],[120.9846691,15.8149256],[120.9749622,15.7981433],[120.9817696,15.7947369],[120.986193,15.7948103],[120.9929624,15.7985966],[120.9898583,15.8139478]]],"type":"Polygon"},"properties":{"city":"San Jose City","key":"Santo Niño 1st||San Jose City","name":"Santo Niño 1st","psgc":"304926030","sourceType":"barangay-map-search"},"type":"Feature"},{"geometry":{"coordinates":[[[120.9846691,15.8149256],[120.9797511,15.8203853],[120.970172,15.8019568],[120.966014,15.7985977],[120.9541069,15.8009887],[120.9372188,15.7793392],[120.947795,15.7813354],[120.9602455,15.7874397],[120.9640872,15.7869763],[120.9817696,15.7947369],[120.9749622,15.7981433],[120.9846691,15.8149256]]],"type":"Polygon"},"properties":{"city":"San Jose City","key":"Santo Niño 2nd||San Jose City","name":"Santo Niño 2nd","psgc":"304926031","sourceType":"barangay-map-search"},"type":"Feature"},{"geometry":{"coordinates":[[[120.9704086,15.8627362],[120.9624858,15.860277],[120.9597564,15.8340571],[120.9484083,15.8270843],[120.9411415,15.8125676],[120.9189023,15.8025487],[120.9157477,15.7818016],[120.9372188,15.7793392],[120.9541069,15.8009887],[120.966014,15.7985977],[120.970172,15.8019568],[120.9797511,15.8203853],[120.9846691,15.8149256],[120.9898583,15.8139478],[120.9949271,15.8307705],[120.9934445,15.8369769],[120.9704086,15.8627362]]],"type":"Polygon"},"properties":{"city":"San Jose City","key":"Santo Niño 3rd||San Jose City","name":"Santo Niño 3rd","psgc":"304926035","sourceType":"barangay-map-search"},"type":"Feature"},{"geometry":{"coordinates":[[[120.9646538,15.7620651],[120.9583348,15.7602161],[120.9429798,15.7690444],[120.9471418,15.7574188],[120.9446377,15.7446895],[120.9508126,15.7448074],[120.9576907,15.7344398],[120.9600231,15.7378213],[120.9681208,15.7474594],[120.9625434,15.7503696],[120.9696679,15.7610425],[120.9646538,15.7620651]]],"type":"Polygon"},"properties":{"city":"San Jose City","key":"Santo Tomas||San Jose City","name":"Santo Tomas","psgc":"304926032","sourceType":"barangay-map-search"},"type":"Feature"},{"geometry":{"coordinates":[[[121.0058215,15.7945984],[120.9980611,15.7957744],[120.9950965,15.7908445],[120.9953971,15.7894247],[121.004169,15.7816542],[121.0041296,15.788055],[121.0058215,15.7945984]]],"type":"Polygon"},"properties":{"city":"San Jose City","key":"Sibut||San Jose City","name":"Sibut","psgc":"304926033","sourceType":"barangay-map-search"},"type":"Feature"},{"geometry":{"coordinates":[[[120.9931697,15.7576965],[120.9771725,15.7555191],[120.9696679,15.7610425],[120.9625434,15.7503696],[120.9681208,15.7474594],[120.9600231,15.7378213],[120.9772475,15.7358085],[120.9856308,15.7461662],[120.9931697,15.7576965]]],"type":"Polygon"},"properties":{"city":"San Jose City","key":"Sinipit Bubon||San Jose City","name":"Sinipit Bubon","psgc":"304926034","sourceType":"barangay-map-search"},"type":"Feature"},{"geometry":{"coordinates":[[[121.0146781,15.7531974],[120.9930143,15.7581669],[120.9931697,15.7576965],[120.9856308,15.7461662],[120.9965948,15.7437489],[121.0035384,15.7419829],[121.0146781,15.7531974]]],"type":"Polygon"},"properties":{"city":"San Jose City","key":"Tabulac||San Jose City","name":"Tabulac","psgc":"304926036","sourceType":"barangay-map-search"},"type":"Feature"},{"geometry":{"coordinates":[[[121.0607465,15.8215259],[121.0170449,15.8661281],[121.0118687,15.8627392],[121.0253486,15.8396929],[121.0213763,15.8269481],[121.0205749,15.8167521],[121.0377541,15.8272844],[121.0607465,15.8215259]]],"type":"Polygon"},"properties":{"city":"San Jose City","key":"Tayabo||San Jose City","name":"Tayabo","psgc":"304926037","sourceType":"barangay-map-search"},"type":"Feature"},{"geometry":{"coordinates":[[[120.9600231,15.7378213],[120.9576907,15.7344398],[120.9661492,15.7264468],[120.9615699,15.7067322],[120.9681553,15.7117205],[120.9799108,15.7084586],[120.9829867,15.718925],[120.9887557,15.7230465],[120.9768966,15.7243904],[120.9772475,15.7358085],[120.9600231,15.7378213]]],"type":"Polygon"},"properties":{"city":"San Jose City","key":"Tondod||San Jose City","name":"Tondod","psgc":"304926038","sourceType":"barangay-map-search"},"type":"Feature"},{"geometry":{"coordinates":[[[121.0034187,15.7744359],[120.9939949,15.773462],[120.9867925,15.7616567],[120.9930143,15.7581669],[121.0146781,15.7531974],[121.0141483,15.7548356],[121.0034187,15.7744359]]],"type":"Polygon"},"properties":{"city":"San Jose City","key":"Tulat||San Jose City","name":"Tulat","psgc":"304926039","sourceType":"barangay-map-search"},"type":"Feature"},{"geometry":{"coordinates":[[[121.005444,15.8613736],[120.9704086,15.8627362],[120.9934445,15.8369769],[120.9949271,15.8307705],[120.9990404,15.8319328],[121.0103245,15.8387046],[121.005444,15.8613736]]],"type":"Polygon"},"properties":{"city":"San Jose City","key":"Villa Floresca||San Jose City","name":"Villa Floresca","psgc":"304926040","sourceType":"barangay-map-search"},"type":"Feature"},{"geometry":{"coordinates":[[[121.0707216,15.7661437],[121.0580019,15.7651815],[121.047346,15.760841],[121.04633,15.7409476],[121.0545523,15.7301925],[121.0589113,15.7386003],[121.0750559,15.7394927],[121.0849181,15.7346963],[121.0888316,15.7427809],[121.0707216,15.7661437]]],"type":"Polygon"},"properties":{"city":"San Jose City","key":"Villa Joson||San Jose City","name":"Villa Joson","psgc":"304926016","sourceType":"barangay-map-search"},"type":"Feature"},{"geometry":{"coordinates":[[[121.0604783,15.8134558],[121.0520055,15.8081731],[121.0434385,15.8097431],[121.026259,15.7991707],[121.0226225,15.7914351],[121.0261895,15.7901637],[121.0609012,15.7968414],[121.0604783,15.8134558]]],"type":"Polygon"},"properties":{"city":"San Jose City","key":"Villa Marina||San Jose City","name":"Villa Marina","psgc":"304926042","sourceType":"barangay-map-search"},"type":"Feature"},{"geometry":{"coordinates":[[[120.9556824,15.3824169],[120.9448214,15.3830214],[120.946001,15.3784019],[120.9579713,15.3713157],[120.9644948,15.3646498],[120.9689206,15.3663265],[120.9625346,15.3809493],[120.9578686,15.381091],[120.9556824,15.3824169]]],"type":"Polygon"},"properties":{"city":"San Leonardo","key":"Bonifacio District||San Leonardo","name":"Bonifacio District","psgc":"304927002","sourceType":"barangay-map-search"},"type":"Feature"},{"geometry":{"coordinates":[[[120.9456901,15.3725902],[120.9443108,15.3693577],[120.9519801,15.3679947],[120.9617682,15.3615987],[120.9650171,15.3561032],[120.9655601,15.3576486],[120.961395,15.3668033],[120.9456901,15.3725902]]],"type":"Polygon"},"properties":{"city":"San Leonardo","key":"Burgos District||San Leonardo","name":"Burgos District","psgc":"304927003","sourceType":"barangay-map-search"},"type":"Feature"},{"geometry":{"coordinates":[[[120.9376616,15.3291722],[120.9246151,15.3173764],[120.9207193,15.3177949],[120.9265782,15.309178],[120.9380517,15.3075269],[120.9457979,15.3166733],[120.9376616,15.3291722]]],"type":"Polygon"},"properties":{"city":"San Leonardo","key":"Castellano||San Leonardo","name":"Castellano","psgc":"304927004","sourceType":"barangay-map-search"},"type":"Feature"},{"geometry":{"coordinates":[[[120.9448214,15.3830214],[120.938495,15.3809702],[120.9360856,15.3709343],[120.9343578,15.3566347],[120.9356501,15.3517903],[120.9389418,15.3517188],[120.9429559,15.3524732],[120.9442251,15.3638885],[120.9443108,15.3693577],[120.9456901,15.3725902],[120.946001,15.3784019],[120.9448214,15.3830214]]],"type":"Polygon"},"properties":{"city":"San Leonardo","key":"Diversion||San Leonardo","name":"Diversion","psgc":"304927005","sourceType":"barangay-map-search"},"type":"Feature"},{"geometry":{"coordinates":[[[120.938495,15.3809702],[120.9315847,15.3853047],[120.9260277,15.3839525],[120.9138569,15.3748318],[120.9209659,15.3710329],[120.9360856,15.3709343],[120.938495,15.3809702]]],"type":"Polygon"},"properties":{"city":"San Leonardo","key":"Magpapalayoc||San Leonardo","name":"Magpapalayoc","psgc":"304927006","sourceType":"barangay-map-search"},"type":"Feature"},{"geometry":{"coordinates":[[[120.9729967,15.3611836],[120.986848,15.3679921],[120.9862943,15.3825272],[120.9884347,15.3933687],[120.9829767,15.3977863],[120.9729011,15.3937814],[120.9611786,15.3865793],[120.9578686,15.381091],[120.9625346,15.3809493],[120.9689206,15.3663265],[120.9729967,15.3611836]]],"type":"Polygon"},"properties":{"city":"San Leonardo","key":"Mallorca||San Leonardo","name":"Mallorca","psgc":"304927007","sourceType":"barangay-map-search"},"type":"Feature"},{"geometry":{"coordinates":[[[120.9645479,15.3541423],[120.9578746,15.3592124],[120.9442251,15.3638885],[120.9429559,15.3524732],[120.9389418,15.3517188],[120.9385233,15.3442209],[120.9628309,15.3418935],[120.9645479,15.3541423]]],"type":"Polygon"},"properties":{"city":"San Leonardo","key":"Mambangnan||San Leonardo","name":"Mambangnan","psgc":"304927008","sourceType":"barangay-map-search"},"type":"Feature"},{"geometry":{"coordinates":[[[120.9628309,15.3418935],[120.9385233,15.3442209],[120.9379371,15.3336754],[120.9376616,15.3291722],[120.9457979,15.3166733],[120.9593239,15.3227606],[120.9644118,15.3358551],[120.9628309,15.3418935]]],"type":"Polygon"},"properties":{"city":"San Leonardo","key":"Nieves||San Leonardo","name":"Nieves","psgc":"304927009","sourceType":"barangay-map-search"},"type":"Feature"},{"geometry":{"coordinates":[[[120.9650171,15.3561032],[120.9617682,15.3615987],[120.9519801,15.3679947],[120.9443108,15.3693577],[120.9442251,15.3638885],[120.9578746,15.3592124],[120.9645479,15.3541423],[120.9650171,15.3561032]]],"type":"Polygon"},"properties":{"city":"San Leonardo","key":"Rizal District||San Leonardo","name":"Rizal District","psgc":"304927011","sourceType":"barangay-map-search"},"type":"Feature"},{"geometry":{"coordinates":[[[120.9356501,15.3517903],[120.9234365,15.3557244],[120.9084589,15.3471431],[120.9081356,15.342288],[120.9186602,15.3432257],[120.9228264,15.3342762],[120.9379371,15.3336754],[120.9385233,15.3442209],[120.9389418,15.3517188],[120.9356501,15.3517903]]],"type":"Polygon"},"properties":{"city":"San Leonardo","key":"San Anton||San Leonardo","name":"San Anton","psgc":"304927012","sourceType":"barangay-map-search"},"type":"Feature"},{"geometry":{"coordinates":[[[120.9689206,15.3663265],[120.9644948,15.3646498],[120.9579713,15.3713157],[120.946001,15.3784019],[120.9456901,15.3725902],[120.961395,15.3668033],[120.9655601,15.3576486],[120.9729967,15.3611836],[120.9689206,15.3663265]]],"type":"Polygon"},"properties":{"city":"San Leonardo","key":"San Bartolome||San Leonardo","name":"San Bartolome","psgc":"304927010","sourceType":"barangay-map-search"},"type":"Feature"},{"geometry":{"coordinates":[[[120.9379371,15.3336754],[120.9228264,15.3342762],[120.9229126,15.3214708],[120.9207193,15.3177949],[120.9246151,15.3173764],[120.9376616,15.3291722],[120.9379371,15.3336754]]],"type":"Polygon"},"properties":{"city":"San Leonardo","key":"San Roque||San Leonardo","name":"San Roque","psgc":"304927013","sourceType":"barangay-map-search"},"type":"Feature"},{"geometry":{"coordinates":[[[120.9539253,15.4015732],[120.9407136,15.3961184],[120.9396781,15.3915958],[120.9315847,15.3853047],[120.938495,15.3809702],[120.9448214,15.3830214],[120.9556824,15.3824169],[120.9522585,15.3898789],[120.9539253,15.4015732]]],"type":"Polygon"},"properties":{"city":"San Leonardo","key":"Tabuating||San Leonardo","name":"Tabuating","psgc":"304927014","sourceType":"barangay-map-search"},"type":"Feature"},{"geometry":{"coordinates":[[[120.9729011,15.3937814],[120.9653967,15.4033198],[120.9539253,15.4015732],[120.9522585,15.3898789],[120.9556824,15.3824169],[120.9578686,15.381091],[120.9611786,15.3865793],[120.9729011,15.3937814]]],"type":"Polygon"},"properties":{"city":"San Leonardo","key":"Tagumpay||San Leonardo","name":"Tagumpay","psgc":"304927015","sourceType":"barangay-map-search"},"type":"Feature"},{"geometry":{"coordinates":[[[120.9360856,15.3709343],[120.9209659,15.3710329],[120.9138569,15.3748318],[120.914073,15.3676705],[120.919191,15.3644942],[120.92852,15.3642601],[120.9304878,15.3598684],[120.9234365,15.3557244],[120.9356501,15.3517903],[120.9343578,15.3566347],[120.9360856,15.3709343]]],"type":"Polygon"},"properties":{"city":"San Leonardo","key":"Tambo Adorable||San Leonardo","name":"Tambo Adorable","psgc":"304927016","sourceType":"barangay-map-search"},"type":"Feature"},{"geometry":{"coordinates":[[[120.9370714,15.4387969],[120.9312816,15.4399496],[120.9319293,15.4362073],[120.9327069,15.4348002],[120.9370392,15.4344136],[120.9374393,15.4380307],[120.9370714,15.4387969]]],"type":"Polygon"},"properties":{"city":"Santa Rosa","key":"Aguinaldo||Santa Rosa","name":"Aguinaldo","psgc":"304928022","sourceType":"barangay-map-search"},"type":"Feature"},{"geometry":{"coordinates":[[[120.9207986,15.4187097],[120.9008802,15.4207791],[120.8951276,15.4097453],[120.8907303,15.4084631],[120.9027211,15.4075927],[120.9090341,15.4126069],[120.9221364,15.4147841],[120.9207986,15.4187097]]],"type":"Polygon"},"properties":{"city":"Santa Rosa","key":"Berang||Santa Rosa","name":"Berang","psgc":"304928023","sourceType":"barangay-map-search"},"type":"Feature"},{"geometry":{"coordinates":[[[120.9412205,15.4380692],[120.9370714,15.4387969],[120.9374393,15.4380307],[120.9395241,15.4338467],[120.9393309,15.432312],[120.9412205,15.4380692]]],"type":"Polygon"},"properties":{"city":"Santa Rosa","key":"Burgos||Santa Rosa","name":"Burgos","psgc":"304928024","sourceType":"barangay-map-search"},"type":"Feature"},{"geometry":{"coordinates":[[[120.9422646,15.4273902],[120.9347813,15.4280552],[120.9341402,15.4249953],[120.9368601,15.425017],[120.9419636,15.4256132],[120.9422646,15.4273902]]],"type":"Polygon"},"properties":{"city":"Santa Rosa","key":"Cojuangco||Santa Rosa","name":"Cojuangco","psgc":"304928001","sourceType":"barangay-map-search"},"type":"Feature"},{"geometry":{"coordinates":[[[120.9413542,15.4200125],[120.9373219,15.4200581],[120.9343367,15.4200445],[120.9337985,15.4188276],[120.9414075,15.4172773],[120.9413542,15.4200125]]],"type":"Polygon"},"properties":{"city":"Santa Rosa","key":"Del Pilar||Santa Rosa","name":"Del Pilar","psgc":"304928025","sourceType":"barangay-map-search"},"type":"Feature"},{"geometry":{"coordinates":[[[120.9414075,15.4172773],[120.9337985,15.4188276],[120.9328843,15.4173693],[120.940174,15.4130044],[120.9467989,15.4119991],[120.9414075,15.4172773]]],"type":"Polygon"},"properties":{"city":"Santa Rosa","key":"Gomez||Santa Rosa","name":"Gomez","psgc":"304928026","sourceType":"barangay-map-search"},"type":"Feature"},{"geometry":{"coordinates":[[[120.8981503,15.4530489],[120.8895005,15.454606],[120.8827361,15.448384],[120.8886913,15.4423408],[120.8821587,15.4351264],[120.886167,15.4345951],[120.8981503,15.4530489]]],"type":"Polygon"},"properties":{"city":"Santa Rosa","key":"Inspector||Santa Rosa","name":"Inspector","psgc":"304928027","sourceType":"barangay-map-search"},"type":"Feature"},{"geometry":{"coordinates":[[[120.9341402,15.4249953],[120.9268421,15.4289285],[120.927149,15.4243757],[120.9207986,15.4187097],[120.9221364,15.4147841],[120.9251074,15.4051723],[120.9337611,15.399923],[120.9354423,15.4067849],[120.9319526,15.4126479],[120.9328843,15.4173693],[120.9337985,15.4188276],[120.9343367,15.4200445],[120.9341402,15.4249953]]],"type":"Polygon"},"properties":{"city":"Santa Rosa","key":"Isla||Santa Rosa","name":"Isla","psgc":"304928028","sourceType":"barangay-map-search"},"type":"Feature"},{"geometry":{"coordinates":[[[120.9319293,15.4362073],[120.9265868,15.4370546],[120.9239894,15.4296986],[120.9268421,15.4289285],[120.9341402,15.4249953],[120.9347813,15.4280552],[120.9338287,15.4318809],[120.9327069,15.4348002],[120.9319293,15.4362073]]],"type":"Polygon"},"properties":{"city":"Santa Rosa","key":"La Fuente||Santa Rosa","name":"La Fuente","psgc":"304928002","sourceType":"barangay-map-search"},"type":"Feature"},{"geometry":{"coordinates":[[[121.0726385,15.4525004],[121.0619355,15.4539863],[121.0532022,15.457244],[121.0435321,15.4507256],[121.0242182,15.4439864],[121.0197831,15.4447597],[121.0180918,15.4285115],[121.0189995,15.4248954],[121.0244809,15.4272718],[121.0350374,15.4224964],[121.0446662,15.4240413],[121.0555568,15.4225013],[121.0633544,15.4245327],[121.0675214,15.4301864],[121.0684284,15.4398395],[121.0763663,15.4441414],[121.0726385,15.4525004]]],"type":"Polygon"},"properties":{"city":"Santa Rosa","key":"Liwayway||Santa Rosa","name":"Liwayway","psgc":"304928003","sourceType":"barangay-map-search"},"type":"Feature"},{"geometry":{"coordinates":[[[120.9239894,15.4296986],[120.9189564,15.4261754],[120.927149,15.4243757],[120.9268421,15.4289285],[120.9239894,15.4296986]]],"type":"Polygon"},"properties":{"city":"Santa Rosa","key":"Lourdes||Santa Rosa","name":"Lourdes","psgc":"304928029","sourceType":"barangay-map-search"},"type":"Feature"},{"geometry":{"coordinates":[[[120.9483666,15.4108371],[120.9319526,15.4126479],[120.9354423,15.4067849],[120.9337611,15.399923],[120.9382699,15.3986018],[120.9497959,15.4003877],[120.9572347,15.404369],[120.9483666,15.4108371]]],"type":"Polygon"},"properties":{"city":"Santa Rosa","key":"Luna||Santa Rosa","name":"Luna","psgc":"304928030","sourceType":"barangay-map-search"},"type":"Feature"},{"geometry":{"coordinates":[[[120.9370392,15.4344136],[120.9327069,15.4348002],[120.9338287,15.4318809],[120.9393309,15.432312],[120.9395241,15.4338467],[120.9370392,15.4344136]]],"type":"Polygon"},"properties":{"city":"Santa Rosa","key":"Mabini||Santa Rosa","name":"Mabini","psgc":"304928031","sourceType":"barangay-map-search"},"type":"Feature"},{"geometry":{"coordinates":[[[121.098296,15.4766904],[121.0900385,15.4908789],[121.0835678,15.4834809],[121.082141,15.4678027],[121.0877685,15.4774576],[121.098296,15.4766904]]],"type":"Polygon"},"properties":{"city":"Santa Rosa","key":"Malacañang||Santa Rosa","name":"Malacañang","psgc":"304928004","sourceType":"barangay-map-search"},"type":"Feature"},{"geometry":{"coordinates":[[[120.9189564,15.4261754],[120.907038,15.4289213],[120.9018251,15.4219499],[120.9008802,15.4207791],[120.9207986,15.4187097],[120.927149,15.4243757],[120.9189564,15.4261754]]],"type":"Polygon"},"properties":{"city":"Santa Rosa","key":"Maliolio||Santa Rosa","name":"Maliolio","psgc":"304928005","sourceType":"barangay-map-search"},"type":"Feature"},{"geometry":{"coordinates":[[[121.098296,15.4766904],[121.0877685,15.4774576],[121.082141,15.4678027],[121.0786475,15.4585307],[121.0726385,15.4525004],[121.0763663,15.4441414],[121.0819619,15.4411853],[121.0883479,15.4434253],[121.0898383,15.4494662],[121.094534,15.4530787],[121.0954828,15.4677005],[121.1042794,15.4719377],[121.098296,15.4766904]]],"type":"Polygon"},"properties":{"city":"Santa Rosa","key":"Mapalad||Santa Rosa","name":"Mapalad","psgc":"304928007","sourceType":"barangay-map-search"},"type":"Feature"},{"geometry":{"coordinates":[[[120.8800476,15.458118],[120.8799304,15.4631237],[120.8712117,15.4638394],[120.8644619,15.4608228],[120.8611798,15.4533858],[120.8521015,15.4426812],[120.8517693,15.4374289],[120.8590615,15.4315093],[120.870102,15.4367351],[120.8687394,15.4428027],[120.8785326,15.4506904],[120.8800476,15.458118]]],"type":"Polygon"},"properties":{"city":"Santa Rosa","key":"Rajal Centro||Santa Rosa","name":"Rajal Centro","psgc":"304928011","sourceType":"barangay-map-search"},"type":"Feature"},{"geometry":{"coordinates":[[[120.8895005,15.454606],[120.8800476,15.458118],[120.8785326,15.4506904],[120.8687394,15.4428027],[120.870102,15.4367351],[120.8821587,15.4351264],[120.8886913,15.4423408],[120.8827361,15.448384],[120.8895005,15.454606]]],"type":"Polygon"},"properties":{"city":"Santa Rosa","key":"Rajal Norte||Santa Rosa","name":"Rajal Norte","psgc":"304928012","sourceType":"barangay-map-search"},"type":"Feature"},{"geometry":{"coordinates":[[[120.870102,15.4367351],[120.8590615,15.4315093],[120.8711703,15.4149925],[120.8750076,15.4158238],[120.8793279,15.4247765],[120.8831011,15.4260087],[120.8821587,15.4351264],[120.870102,15.4367351]]],"type":"Polygon"},"properties":{"city":"Santa Rosa","key":"Rajal Sur||Santa Rosa","name":"Rajal Sur","psgc":"304928013","sourceType":"barangay-map-search"},"type":"Feature"},{"geometry":{"coordinates":[[[120.9413542,15.4200125],[120.9419636,15.4256132],[120.9368601,15.425017],[120.9373219,15.4200581],[120.9413542,15.4200125]]],"type":"Polygon"},"properties":{"city":"Santa Rosa","key":"Rizal||Santa Rosa","name":"Rizal","psgc":"304928010","sourceType":"barangay-map-search"},"type":"Feature"},{"geometry":{"coordinates":[[[120.9395241,15.4338467],[120.9374393,15.4380307],[120.9370392,15.4344136],[120.9395241,15.4338467]]],"type":"Polygon"},"properties":{"city":"Santa Rosa","key":"San Gregorio||Santa Rosa","name":"San Gregorio","psgc":"304928015","sourceType":"barangay-map-search"},"type":"Feature"},{"geometry":{"coordinates":[[[120.886167,15.4345951],[120.8821587,15.4351264],[120.8831011,15.4260087],[120.8793279,15.4247765],[120.8750076,15.4158238],[120.8759097,15.4154132],[120.8893641,15.4234437],[120.9018251,15.4219499],[120.907038,15.4289213],[120.9067121,15.4318741],[120.886167,15.4345951]]],"type":"Polygon"},"properties":{"city":"Santa Rosa","key":"San Isidro||Santa Rosa","name":"San Isidro","psgc":"304928032","sourceType":"barangay-map-search"},"type":"Feature"},{"geometry":{"coordinates":[[[120.9265868,15.4370546],[120.915585,15.4388088],[120.9171822,15.4439567],[120.9100203,15.4460481],[120.9067121,15.4318741],[120.907038,15.4289213],[120.9189564,15.4261754],[120.9239894,15.4296986],[120.9265868,15.4370546]]],"type":"Polygon"},"properties":{"city":"Santa Rosa","key":"San Josep||Santa Rosa","name":"San Josep","psgc":"304928033","sourceType":"barangay-map-search"},"type":"Feature"},{"geometry":{"coordinates":[[[120.9467989,15.4119991],[120.940174,15.4130044],[120.9328843,15.4173693],[120.9319526,15.4126479],[120.9483666,15.4108371],[120.9467989,15.4119991]]],"type":"Polygon"},"properties":{"city":"Santa Rosa","key":"San Mariano||Santa Rosa","name":"San Mariano","psgc":"304928016","sourceType":"barangay-map-search"},"type":"Feature"},{"geometry":{"coordinates":[[[120.9018251,15.4219499],[120.8893641,15.4234437],[120.8759097,15.4154132],[120.8907303,15.4084631],[120.8951276,15.4097453],[120.9008802,15.4207791],[120.9018251,15.4219499]]],"type":"Polygon"},"properties":{"city":"Santa Rosa","key":"San Pedro||Santa Rosa","name":"San Pedro","psgc":"304928017","sourceType":"barangay-map-search"},"type":"Feature"},{"geometry":{"coordinates":[[[120.9221364,15.4147841],[120.9090341,15.4126069],[120.9027211,15.4075927],[120.9251074,15.4051723],[120.9221364,15.4147841]]],"type":"Polygon"},"properties":{"city":"Santa Rosa","key":"Santa Teresita||Santa Rosa","name":"Santa Teresita","psgc":"304928034","sourceType":"barangay-map-search"},"type":"Feature"},{"geometry":{"coordinates":[[[120.9102899,15.4469531],[120.8981503,15.4530489],[120.886167,15.4345951],[120.9067121,15.4318741],[120.9100203,15.4460481],[120.9102899,15.4469531]]],"type":"Polygon"},"properties":{"city":"Santa Rosa","key":"Santo Rosario||Santa Rosa","name":"Santo Rosario","psgc":"304928018","sourceType":"barangay-map-search"},"type":"Feature"},{"geometry":{"coordinates":[[[120.9312816,15.4399496],[120.9168487,15.4504643],[120.9102899,15.4469531],[120.9100203,15.4460481],[120.9171822,15.4439567],[120.915585,15.4388088],[120.9265868,15.4370546],[120.9319293,15.4362073],[120.9312816,15.4399496]]],"type":"Polygon"},"properties":{"city":"Santa Rosa","key":"Sapsap||Santa Rosa","name":"Sapsap","psgc":"304928035","sourceType":"barangay-map-search"},"type":"Feature"},{"geometry":{"coordinates":[[[121.0180918,15.4285115],[121.0038509,15.428403],[121.0080136,15.4390689],[121.0025094,15.443229],[120.9950293,15.4419102],[120.9733966,15.4420293],[120.9641583,15.4439857],[120.9536876,15.4397018],[120.9440881,15.4385414],[120.9430394,15.4320717],[120.9422646,15.4273902],[120.9419636,15.4256132],[120.9413542,15.4200125],[120.9414075,15.4172773],[120.9467989,15.4119991],[120.9483666,15.4108371],[120.9572347,15.404369],[120.9653967,15.4033198],[120.9674292,15.3990131],[120.9757341,15.3930984],[120.9829767,15.3977863],[120.9862607,15.3944264],[121.0019327,15.4041521],[121.0049194,15.414111],[121.0154173,15.4176731],[121.0189995,15.4248954],[121.0180918,15.4285115]]],"type":"Polygon"},"properties":{"city":"Santa Rosa","key":"Soledad||Santa Rosa","name":"Soledad","psgc":"304928019","sourceType":"barangay-map-search"},"type":"Feature"},{"geometry":{"coordinates":[[[121.0197831,15.4447597],[121.011707,15.4458802],[121.0063533,15.4526469],[121.0008974,15.4547954],[120.9901225,15.4512545],[120.9761641,15.4487303],[120.9700518,15.4516073],[120.9641583,15.4439857],[120.9733966,15.4420293],[120.9950293,15.4419102],[121.0025094,15.443229],[121.0080136,15.4390689],[121.0038509,15.428403],[121.0180918,15.4285115],[121.0197831,15.4447597]]],"type":"Polygon"},"properties":{"city":"Santa Rosa","key":"Tagpos||Santa Rosa","name":"Tagpos","psgc":"304928036","sourceType":"barangay-map-search"},"type":"Feature"},{"geometry":{"coordinates":[[[120.9430394,15.4320717],[120.9440881,15.4385414],[120.9412205,15.4380692],[120.9393309,15.432312],[120.9430394,15.4320717]]],"type":"Polygon"},"properties":{"city":"Santa Rosa","key":"Tramo||Santa Rosa","name":"Tramo","psgc":"304928037","sourceType":"barangay-map-search"},"type":"Feature"},{"geometry":{"coordinates":[[[120.9393309,15.432312],[120.9338287,15.4318809],[120.9347813,15.4280552],[120.9422646,15.4273902],[120.9430394,15.4320717],[120.9393309,15.432312]]],"type":"Polygon"},"properties":{"city":"Santa Rosa","key":"Valenzuela||Santa Rosa","name":"Valenzuela","psgc":"304928020","sourceType":"barangay-map-search"},"type":"Feature"},{"geometry":{"coordinates":[[[120.9368601,15.425017],[120.9341402,15.4249953],[120.9343367,15.4200445],[120.9373219,15.4200581],[120.9368601,15.425017]]],"type":"Polygon"},"properties":{"city":"Santa Rosa","key":"Zamora||Santa Rosa","name":"Zamora","psgc":"304928021","sourceType":"barangay-map-search"},"type":"Feature"},{"geometry":{"coordinates":[[[120.9335482,15.6714396],[120.9273367,15.6732255],[120.9072126,15.656607],[120.9033947,15.6579588],[120.9018247,15.6548207],[120.8879926,15.6521384],[120.8788696,15.656363],[120.8727052,15.6531179],[120.8698512,15.6418879],[120.8717982,15.6309044],[120.8719047,15.6298658],[120.8831189,15.6297085],[120.898118,15.6297655],[120.897824,15.6386482],[120.9052242,15.6517821],[120.9172847,15.6443463],[120.9278487,15.6566735],[120.9274051,15.6616784],[120.9335482,15.6714396]]],"type":"Polygon"},"properties":{"city":"Santo Domingo","key":"Baloc||Santo Domingo","name":"Baloc","psgc":"304929002","sourceType":"barangay-map-search"},"type":"Feature"},{"geometry":{"coordinates":[[[120.898118,15.6297655],[120.8831189,15.6297085],[120.8802212,15.6114395],[120.8880776,15.6118147],[120.8980909,15.6122427],[120.9011648,15.6160538],[120.898118,15.6297655]]],"type":"Polygon"},"properties":{"city":"Santo Domingo","key":"Buasao||Santo Domingo","name":"Buasao","psgc":"304929004","sourceType":"barangay-map-search"},"type":"Feature"},{"geometry":{"coordinates":[[[120.8831189,15.6297085],[120.8719047,15.6298658],[120.8647895,15.6093702],[120.8705375,15.6036759],[120.8733607,15.6053782],[120.8802212,15.6114395],[120.8831189,15.6297085]]],"type":"Polygon"},"properties":{"city":"Santo Domingo","key":"Burgos||Santo Domingo","name":"Burgos","psgc":"304929005","sourceType":"barangay-map-search"},"type":"Feature"},{"geometry":{"coordinates":[[[120.8767145,15.5884197],[120.8766983,15.5885283],[120.8760321,15.5884619],[120.8599298,15.5803807],[120.8630353,15.5751113],[120.8716931,15.5747032],[120.8775499,15.5832277],[120.8767145,15.5884197]]],"type":"Polygon"},"properties":{"city":"Santo Domingo","key":"Cabugao||Santo Domingo","name":"Cabugao","psgc":"304929006","sourceType":"barangay-map-search"},"type":"Feature"},{"geometry":{"coordinates":[[[120.9335482,15.6714396],[120.9382629,15.6827783],[120.9354451,15.6896473],[120.9171309,15.6755275],[120.9273367,15.6732255],[120.9335482,15.6714396]]],"type":"Polygon"},"properties":{"city":"Santo Domingo","key":"Casulucan||Santo Domingo","name":"Casulucan","psgc":"304929007","sourceType":"barangay-map-search"},"type":"Feature"},{"geometry":{"coordinates":[[[120.8421129,15.6313764],[120.8428393,15.6455226],[120.8479711,15.6503943],[120.8421605,15.6460676],[120.8333764,15.6465204],[120.8244174,15.6387584],[120.8308839,15.6256585],[120.8421129,15.6313764]]],"type":"Polygon"},"properties":{"city":"Santo Domingo","key":"Comitang||Santo Domingo","name":"Comitang","psgc":"304929008","sourceType":"barangay-map-search"},"type":"Feature"},{"geometry":{"coordinates":[[[120.9085992,15.5839447],[120.9012661,15.5890802],[120.8910011,15.5864011],[120.8906528,15.5862427],[120.8904973,15.5758163],[120.9031713,15.5741893],[120.9085992,15.5839447]]],"type":"Polygon"},"properties":{"city":"Santo Domingo","key":"Concepcion||Santo Domingo","name":"Concepcion","psgc":"304929009","sourceType":"barangay-map-search"},"type":"Feature"},{"geometry":{"coordinates":[[[120.9031713,15.5741893],[120.8904973,15.5758163],[120.8872411,15.5651662],[120.89019,15.5600975],[120.9004959,15.5598513],[120.9031713,15.5741893]]],"type":"Polygon"},"properties":{"city":"Santo Domingo","key":"Dolores||Santo Domingo","name":"Dolores","psgc":"304929011","sourceType":"barangay-map-search"},"type":"Feature"},{"geometry":{"coordinates":[[[120.8562848,15.6307343],[120.85158,15.6353564],[120.8421129,15.6313764],[120.8308839,15.6256585],[120.8301048,15.6089264],[120.8361218,15.6053312],[120.8478553,15.6103186],[120.8550085,15.6235123],[120.8562848,15.6307343]]],"type":"Polygon"},"properties":{"city":"Santo Domingo","key":"General Luna||Santo Domingo","name":"General Luna","psgc":"304929012","sourceType":"barangay-map-search"},"type":"Feature"},{"geometry":{"coordinates":[[[120.8906528,15.5862427],[120.8785463,15.5885217],[120.8784959,15.5833874],[120.8841213,15.5811548],[120.8872411,15.5651662],[120.8904973,15.5758163],[120.8906528,15.5862427]]],"type":"Polygon"},"properties":{"city":"Santo Domingo","key":"Hulo||Santo Domingo","name":"Hulo","psgc":"304929014","sourceType":"barangay-map-search"},"type":"Feature"},{"geometry":{"coordinates":[[[120.9273367,15.6732255],[120.9171309,15.6755275],[120.906235,15.6724657],[120.9051087,15.6661098],[120.9033947,15.6579588],[120.9072126,15.656607],[120.9273367,15.6732255]]],"type":"Polygon"},"properties":{"city":"Santo Domingo","key":"Mabini||Santo Domingo","name":"Mabini","psgc":"304929016","sourceType":"barangay-map-search"},"type":"Feature"},{"geometry":{"coordinates":[[[120.8950565,15.5955198],[120.8785956,15.5934498],[120.8766983,15.5885283],[120.8767145,15.5884197],[120.8785463,15.5885217],[120.8906528,15.5862427],[120.8910011,15.5864011],[120.8950565,15.5955198]]],"type":"Polygon"},"properties":{"city":"Santo Domingo","key":"Malasin||Santo Domingo","name":"Malasin","psgc":"304929017","sourceType":"barangay-map-search"},"type":"Feature"},{"geometry":{"coordinates":[[[120.8872411,15.5651662],[120.8841213,15.5811548],[120.8784959,15.5833874],[120.8775499,15.5832277],[120.8716931,15.5747032],[120.8630353,15.5751113],[120.8718193,15.5602393],[120.8872411,15.5651662]]],"type":"Polygon"},"properties":{"city":"Santo Domingo","key":"Malaya||Santo Domingo","name":"Malaya","psgc":"304929024","sourceType":"barangay-map-search"},"type":"Feature"},{"geometry":{"coordinates":[[[120.9051087,15.6661098],[120.8537839,15.6671999],[120.8727052,15.6531179],[120.8788696,15.656363],[120.8879926,15.6521384],[120.9018247,15.6548207],[120.9033947,15.6579588],[120.9051087,15.6661098]]],"type":"Polygon"},"properties":{"city":"Santo Domingo","key":"Malayantoc||Santo Domingo","name":"Malayantoc","psgc":"304929019","sourceType":"barangay-map-search"},"type":"Feature"},{"geometry":{"coordinates":[[[120.8587132,15.6094922],[120.8494086,15.6068905],[120.847281,15.5892748],[120.8533479,15.5817513],[120.8599298,15.5803807],[120.8579045,15.6004874],[120.8587132,15.6094922]]],"type":"Polygon"},"properties":{"city":"Santo Domingo","key":"Mambarao||Santo Domingo","name":"Mambarao","psgc":"304929020","sourceType":"barangay-map-search"},"type":"Feature"},{"geometry":{"coordinates":[[[120.8784959,15.5833874],[120.8785463,15.5885217],[120.8767145,15.5884197],[120.8775499,15.5832277],[120.8784959,15.5833874]]],"type":"Polygon"},"properties":{"city":"Santo Domingo","key":"Poblacion||Santo Domingo","name":"Poblacion","psgc":"304929023","sourceType":"barangay-map-search"},"type":"Feature"},{"geometry":{"coordinates":[[[120.8785956,15.5934498],[120.8733607,15.6053782],[120.8705375,15.6036759],[120.8663127,15.5951462],[120.8760321,15.5884619],[120.8766983,15.5885283],[120.8785956,15.5934498]]],"type":"Polygon"},"properties":{"city":"Santo Domingo","key":"Pulong Buli||Santo Domingo","name":"Pulong Buli","psgc":"304929026","sourceType":"barangay-map-search"},"type":"Feature"},{"geometry":{"coordinates":[[[120.8880776,15.6118147],[120.8802212,15.6114395],[120.8733607,15.6053782],[120.8785956,15.5934498],[120.8950565,15.5955198],[120.8972356,15.6029712],[120.8880776,15.6118147]]],"type":"Polygon"},"properties":{"city":"Santo Domingo","key":"Sagaba||Santo Domingo","name":"Sagaba","psgc":"304929029","sourceType":"barangay-map-search"},"type":"Feature"},{"geometry":{"coordinates":[[[120.9077533,15.5965002],[120.8950565,15.5955198],[120.8910011,15.5864011],[120.9012661,15.5890802],[120.9085992,15.5839447],[120.9161173,15.5899202],[120.9138315,15.5942626],[120.9077533,15.5965002]]],"type":"Polygon"},"properties":{"city":"Santo Domingo","key":"San Agustin||Santo Domingo","name":"San Agustin","psgc":"304929030","sourceType":"barangay-map-search"},"type":"Feature"},{"geometry":{"coordinates":[[[120.9072799,15.6097383],[120.9011648,15.6160538],[120.8980909,15.6122427],[120.8880776,15.6118147],[120.8972356,15.6029712],[120.8950565,15.5955198],[120.9077533,15.5965002],[120.9072799,15.6097383]]],"type":"Polygon"},"properties":{"city":"Santo Domingo","key":"San Fabian||Santo Domingo","name":"San Fabian","psgc":"304929031","sourceType":"barangay-map-search"},"type":"Feature"},{"geometry":{"coordinates":[[[120.9138315,15.5942626],[120.9186655,15.6041071],[120.9072799,15.6097383],[120.9077533,15.5965002],[120.9138315,15.5942626]]],"type":"Polygon"},"properties":{"city":"Santo Domingo","key":"San Francisco||Santo Domingo","name":"San Francisco","psgc":"304929032","sourceType":"barangay-map-search"},"type":"Feature"},{"geometry":{"coordinates":[[[120.8647895,15.6093702],[120.8587132,15.6094922],[120.8579045,15.6004874],[120.8599298,15.5803807],[120.8760321,15.5884619],[120.8663127,15.5951462],[120.8705375,15.6036759],[120.8647895,15.6093702]]],"type":"Polygon"},"properties":{"city":"Santo Domingo","key":"San Pascual||Santo Domingo","name":"San Pascual","psgc":"304929033","sourceType":"barangay-map-search"},"type":"Feature"},{"geometry":{"coordinates":[[[120.8719047,15.6298658],[120.8717982,15.6309044],[120.8562848,15.6307343],[120.8550085,15.6235123],[120.8478553,15.6103186],[120.8494086,15.6068905],[120.8587132,15.6094922],[120.8647895,15.6093702],[120.8719047,15.6298658]]],"type":"Polygon"},"properties":{"city":"Santo Domingo","key":"Santa Rita||Santo Domingo","name":"Santa Rita","psgc":"304929034","sourceType":"barangay-map-search"},"type":"Feature"},{"geometry":{"coordinates":[[[120.8727052,15.6531179],[120.8537839,15.6671999],[120.845623,15.6628356],[120.8479711,15.6503943],[120.8428393,15.6455226],[120.8421129,15.6313764],[120.85158,15.6353564],[120.8562848,15.6307343],[120.8717982,15.6309044],[120.8698512,15.6418879],[120.8727052,15.6531179]]],"type":"Polygon"},"properties":{"city":"Santo Domingo","key":"Santo Rosario||Santo Domingo","name":"Santo Rosario","psgc":"304929036","sourceType":"barangay-map-search"},"type":"Feature"},{"geometry":{"coordinates":[[[120.9260579,15.7443122],[120.924631,15.748198],[120.9135075,15.7424983],[120.9190942,15.7312122],[120.9260579,15.7443122]]],"type":"Polygon"},"properties":{"city":"Science City of Munoz","key":"Bagong Sikat||Science City of Munoz","name":"Bagong Sikat","psgc":"304917001","sourceType":"barangay-map-search"},"type":"Feature"},{"geometry":{"coordinates":[[[120.9190942,15.7312122],[120.9135075,15.7424983],[120.9057489,15.7383956],[120.9041269,15.7251259],[120.9089444,15.7261551],[120.9190942,15.7312122]]],"type":"Polygon"},"properties":{"city":"Science City of Munoz","key":"Balante||Science City of Munoz","name":"Balante","psgc":"304917002","sourceType":"barangay-map-search"},"type":"Feature"},{"geometry":{"coordinates":[[[120.9536979,15.7355849],[120.9446377,15.7446895],[120.9385742,15.7446207],[120.9260579,15.7443122],[120.9190942,15.7312122],[120.9089444,15.7261551],[120.9100227,15.7185382],[120.9065953,15.7158172],[120.9092314,15.708645],[120.9121525,15.7045682],[120.9370942,15.7172175],[120.9356992,15.7303168],[120.9536979,15.7355849]]],"type":"Polygon"},"properties":{"city":"Science City of Munoz","key":"Bantug||Science City of Munoz","name":"Bantug","psgc":"304917003","sourceType":"barangay-map-search"},"type":"Feature"},{"geometry":{"coordinates":[[[120.9078354,15.7445116],[120.8989012,15.7466409],[120.8854783,15.733708],[120.883556,15.7293738],[120.881172,15.7209304],[120.9001433,15.7229522],[120.9041269,15.7251259],[120.9057489,15.7383956],[120.9078354,15.7445116]]],"type":"Polygon"},"properties":{"city":"Science City of Munoz","key":"Bical||Science City of Munoz","name":"Bical","psgc":"304917004","sourceType":"barangay-map-search"},"type":"Feature"},{"geometry":{"coordinates":[[[120.9258913,15.7691768],[120.9164414,15.7670735],[120.9141524,15.7610582],[120.9098938,15.7594878],[120.9078354,15.7445116],[120.9057489,15.7383956],[120.9135075,15.7424983],[120.924631,15.748198],[120.9223148,15.7600112],[120.9297988,15.7686325],[120.9258913,15.7691768]]],"type":"Polygon"},"properties":{"city":"Science City of Munoz","key":"Cabisuculan||Science City of Munoz","name":"Cabisuculan","psgc":"304917005","sourceType":"barangay-map-search"},"type":"Feature"},{"geometry":{"coordinates":[[[120.8734046,15.7082118],[120.8576293,15.7092414],[120.852515,15.7039594],[120.8606784,15.6970552],[120.8663628,15.6966924],[120.8729826,15.7004316],[120.8733573,15.7077446],[120.8734046,15.7082118]]],"type":"Polygon"},"properties":{"city":"Science City of Munoz","key":"Calabalabaan||Science City of Munoz","name":"Calabalabaan","psgc":"304917006","sourceType":"barangay-map-search"},"type":"Feature"},{"geometry":{"coordinates":[[[120.8592543,15.7331599],[120.8535458,15.7353952],[120.8454071,15.7226193],[120.8544215,15.7270825],[120.8621551,15.7240024],[120.8602398,15.7325052],[120.8592543,15.7331599]]],"type":"Polygon"},"properties":{"city":"Science City of Munoz","key":"Calisitan||Science City of Munoz","name":"Calisitan","psgc":"304917007","sourceType":"barangay-map-search"},"type":"Feature"},{"geometry":{"coordinates":[[[120.9001433,15.7229522],[120.881172,15.7209304],[120.8716349,15.7145458],[120.8734046,15.7082118],[120.8733573,15.7077446],[120.8879274,15.7070205],[120.9008958,15.708997],[120.900991,15.7158093],[120.8993625,15.7185693],[120.9001433,15.7229522]]],"type":"Polygon"},"properties":{"city":"Science City of Munoz","key":"Catalanacan||Science City of Munoz","name":"Catalanacan","psgc":"304917008","sourceType":"barangay-map-search"},"type":"Feature"},{"geometry":{"coordinates":[[[120.8536096,15.6776291],[120.8455014,15.6798125],[120.8430938,15.6769229],[120.8565502,15.6690619],[120.8536096,15.6776291]]],"type":"Polygon"},"properties":{"city":"Science City of Munoz","key":"Curva||Science City of Munoz","name":"Curva","psgc":"304917009","sourceType":"barangay-map-search"},"type":"Feature"},{"geometry":{"coordinates":[[[120.9141524,15.7610582],[120.8962603,15.7612888],[120.8949745,15.7560298],[120.8842268,15.7419526],[120.8854783,15.733708],[120.8989012,15.7466409],[120.9078354,15.7445116],[120.9098938,15.7594878],[120.9141524,15.7610582]]],"type":"Polygon"},"properties":{"city":"Science City of Munoz","key":"Franza||Science City of Munoz","name":"Franza","psgc":"304917010","sourceType":"barangay-map-search"},"type":"Feature"},{"geometry":{"coordinates":[[[120.875084,15.7301222],[120.8602398,15.7325052],[120.8621551,15.7240024],[120.8620386,15.7129843],[120.8576293,15.7092414],[120.8734046,15.7082118],[120.8716349,15.7145458],[120.881172,15.7209304],[120.883556,15.7293738],[120.875084,15.7301222]]],"type":"Polygon"},"properties":{"city":"Science City of Munoz","key":"Gabaldon||Science City of Munoz","name":"Gabaldon","psgc":"304917011","sourceType":"barangay-map-search"},"type":"Feature"},{"geometry":{"coordinates":[[[120.8576293,15.7092414],[120.8389548,15.7081819],[120.8325639,15.6946574],[120.8450506,15.6891373],[120.8606784,15.6970552],[120.852515,15.7039594],[120.8576293,15.7092414]]],"type":"Polygon"},"properties":{"city":"Science City of Munoz","key":"Labney||Science City of Munoz","name":"Labney","psgc":"304917012","sourceType":"barangay-map-search"},"type":"Feature"},{"geometry":{"coordinates":[[[120.9440266,15.7625719],[120.939377,15.7655097],[120.9385742,15.7446207],[120.9446377,15.7446895],[120.9471418,15.7574188],[120.9440266,15.7625719]]],"type":"Polygon"},"properties":{"city":"Science City of Munoz","key":"Licaong||Science City of Munoz","name":"Licaong","psgc":"304917013","sourceType":"barangay-map-search"},"type":"Feature"},{"geometry":{"coordinates":[[[120.8993164,15.7682657],[120.891384,15.7760864],[120.8919124,15.7816263],[120.8798213,15.7770411],[120.8799677,15.7606769],[120.8949745,15.7560298],[120.8962603,15.7612888],[120.8993164,15.7682657]]],"type":"Polygon"},"properties":{"city":"Science City of Munoz","key":"Linglingay||Science City of Munoz","name":"Linglingay","psgc":"304917014","sourceType":"barangay-map-search"},"type":"Feature"},{"geometry":{"coordinates":[[[120.939377,15.7655097],[120.9297988,15.7686325],[120.9223148,15.7600112],[120.924631,15.748198],[120.9260579,15.7443122],[120.9385742,15.7446207],[120.939377,15.7655097]]],"type":"Polygon"},"properties":{"city":"Science City of Munoz","key":"Magtanggol||Science City of Munoz","name":"Magtanggol","psgc":"304917017","sourceType":"barangay-map-search"},"type":"Feature"},{"geometry":{"coordinates":[[[120.8643864,15.6668109],[120.9051087,15.6661098],[120.9064173,15.6730111],[120.8967392,15.6759237],[120.8913652,15.6829763],[120.8795706,15.6826221],[120.8643864,15.6668109]]],"type":"Polygon"},"properties":{"city":"Science City of Munoz","key":"Maligaya||Science City of Munoz","name":"Maligaya","psgc":"304917018","sourceType":"barangay-map-search"},"type":"Feature"},{"geometry":{"coordinates":[[[120.8950282,15.7938238],[120.881793,15.8059773],[120.8741418,15.8048505],[120.8601772,15.7951165],[120.8602547,15.7817971],[120.8699492,15.7765385],[120.8798213,15.7770411],[120.8919124,15.7816263],[120.8917362,15.7821853],[120.8950282,15.7938238]]],"type":"Polygon"},"properties":{"city":"Science City of Munoz","key":"Mangandingay||Science City of Munoz","name":"Mangandingay","psgc":"304917016","sourceType":"barangay-map-search"},"type":"Feature"},{"geometry":{"coordinates":[[[120.910687,15.8006118],[120.8950282,15.7938238],[120.8917362,15.7821853],[120.9036663,15.7860485],[120.910687,15.8006118]]],"type":"Polygon"},"properties":{"city":"Science City of Munoz","key":"Mapangpang||Science City of Munoz","name":"Mapangpang","psgc":"304917019","sourceType":"barangay-map-search"},"type":"Feature"},{"geometry":{"coordinates":[[[120.9524929,15.7017348],[120.9615699,15.7067322],[120.9661492,15.7264468],[120.9573262,15.7346709],[120.9441447,15.7199068],[120.9430975,15.7056686],[120.9356928,15.7023818],[120.9389483,15.697851],[120.9524929,15.7017348]]],"type":"Polygon"},"properties":{"city":"Science City of Munoz","key":"Maragol||Science City of Munoz","name":"Maragol","psgc":"304917020","sourceType":"barangay-map-search"},"type":"Feature"},{"geometry":{"coordinates":[[[120.8879274,15.7070205],[120.8733573,15.7077446],[120.8729826,15.7004316],[120.8706398,15.6954682],[120.8879274,15.7070205]]],"type":"Polygon"},"properties":{"city":"Science City of Munoz","key":"Matingkis||Science City of Munoz","name":"Matingkis","psgc":"304917021","sourceType":"barangay-map-search"},"type":"Feature"},{"geometry":{"coordinates":[[[120.8450506,15.6891373],[120.8325639,15.6946574],[120.8430938,15.6769229],[120.8455014,15.6798125],[120.8450506,15.6891373]]],"type":"Polygon"},"properties":{"city":"Science City of Munoz","key":"Naglabrahan||Science City of Munoz","name":"Naglabrahan","psgc":"304917022","sourceType":"barangay-map-search"},"type":"Feature"},{"geometry":{"coordinates":[[[120.8706398,15.6954682],[120.8729826,15.7004316],[120.8663628,15.6966924],[120.8592938,15.6899333],[120.8536096,15.6776291],[120.8565502,15.6690619],[120.8643864,15.6668109],[120.8795706,15.6826221],[120.8717683,15.6888088],[120.8706398,15.6954682]]],"type":"Polygon"},"properties":{"city":"Science City of Munoz","key":"Palusapis||Science City of Munoz","name":"Palusapis","psgc":"304917024","sourceType":"barangay-map-search"},"type":"Feature"},{"geometry":{"coordinates":[[[120.8621551,15.7240024],[120.8544215,15.7270825],[120.8454071,15.7226193],[120.8389548,15.7081819],[120.8576293,15.7092414],[120.8620386,15.7129843],[120.8621551,15.7240024]]],"type":"Polygon"},"properties":{"city":"Science City of Munoz","key":"Pandalla||Science City of Munoz","name":"Pandalla","psgc":"304917025","sourceType":"barangay-map-search"},"type":"Feature"},{"geometry":{"coordinates":[[[120.9092314,15.708645],[120.9065953,15.7158172],[120.9045336,15.7158114],[120.9044983,15.708892],[120.9092314,15.708645]]],"type":"Polygon"},"properties":{"city":"Science City of Munoz","key":"Poblacion East||Science City of Munoz","name":"Poblacion East","psgc":"304917026","sourceType":"barangay-map-search"},"type":"Feature"},{"geometry":{"coordinates":[[[120.9089444,15.7261551],[120.9041269,15.7251259],[120.9001433,15.7229522],[120.8993625,15.7185693],[120.9100227,15.7185382],[120.9089444,15.7261551]]],"type":"Polygon"},"properties":{"city":"Science City of Munoz","key":"Poblacion North||Science City of Munoz","name":"Poblacion North","psgc":"304917027","sourceType":"barangay-map-search"},"type":"Feature"},{"geometry":{"coordinates":[[[120.9100227,15.7185382],[120.8993625,15.7185693],[120.900991,15.7158093],[120.9045336,15.7158114],[120.9065953,15.7158172],[120.9100227,15.7185382]]],"type":"Polygon"},"properties":{"city":"Science City of Munoz","key":"Poblacion South||Science City of Munoz","name":"Poblacion South","psgc":"304917028","sourceType":"barangay-map-search"},"type":"Feature"},{"geometry":{"coordinates":[[[120.9045336,15.7158114],[120.900991,15.7158093],[120.9008958,15.708997],[120.9044983,15.708892],[120.9045336,15.7158114]]],"type":"Polygon"},"properties":{"city":"Science City of Munoz","key":"Poblacion West||Science City of Munoz","name":"Poblacion West","psgc":"304917029","sourceType":"barangay-map-search"},"type":"Feature"},{"geometry":{"coordinates":[[[120.8949745,15.7560298],[120.8799677,15.7606769],[120.8648883,15.7607507],[120.8654319,15.7544677],[120.8774618,15.7456927],[120.875084,15.7301222],[120.883556,15.7293738],[120.8854783,15.733708],[120.8842268,15.7419526],[120.8949745,15.7560298]]],"type":"Polygon"},"properties":{"city":"Science City of Munoz","key":"Rang-ayan||Science City of Munoz","name":"Rang-ayan","psgc":"304917030","sourceType":"barangay-map-search"},"type":"Feature"},{"geometry":{"coordinates":[[[120.9258913,15.7691768],[120.922581,15.780293],[120.8993164,15.7682657],[120.8962603,15.7612888],[120.9141524,15.7610582],[120.9164414,15.7670735],[120.9258913,15.7691768]]],"type":"Polygon"},"properties":{"city":"Science City of Munoz","key":"Rizal||Science City of Munoz","name":"Rizal","psgc":"304917031","sourceType":"barangay-map-search"},"type":"Feature"},{"geometry":{"coordinates":[[[120.9440266,15.7625719],[120.936946,15.7779629],[120.9225785,15.781372],[120.922581,15.780293],[120.9258913,15.7691768],[120.9297988,15.7686325],[120.939377,15.7655097],[120.9440266,15.7625719]]],"type":"Polygon"},"properties":{"city":"Science City of Munoz","key":"San Andres||Science City of Munoz","name":"San Andres","psgc":"304917032","sourceType":"barangay-map-search"},"type":"Feature"},{"geometry":{"coordinates":[[[120.8663628,15.6966924],[120.8606784,15.6970552],[120.8450506,15.6891373],[120.8455014,15.6798125],[120.8536096,15.6776291],[120.8592938,15.6899333],[120.8663628,15.6966924]]],"type":"Polygon"},"properties":{"city":"Science City of Munoz","key":"San Antonio||Science City of Munoz","name":"San Antonio","psgc":"304917033","sourceType":"barangay-map-search"},"type":"Feature"},{"geometry":{"coordinates":[[[120.9225785,15.781372],[120.9157477,15.7818016],[120.9166497,15.795127],[120.910687,15.8006118],[120.9036663,15.7860485],[120.8917362,15.7821853],[120.8919124,15.7816263],[120.891384,15.7760864],[120.8993164,15.7682657],[120.922581,15.780293],[120.9225785,15.781372]]],"type":"Polygon"},"properties":{"city":"Science City of Munoz","key":"San Felipe||Science City of Munoz","name":"San Felipe","psgc":"304917034","sourceType":"barangay-map-search"},"type":"Feature"},{"geometry":{"coordinates":[[[120.9356928,15.7023818],[120.9430975,15.7056686],[120.9441447,15.7199068],[120.9370942,15.7172175],[120.9121525,15.7045682],[120.9257622,15.7038281],[120.9356928,15.7023818]]],"type":"Polygon"},"properties":{"city":"Science City of Munoz","key":"Sapang Cawayan||Science City of Munoz","name":"Sapang Cawayan","psgc":"304917035","sourceType":"barangay-map-search"},"type":"Feature"},{"geometry":{"coordinates":[[[120.9573262,15.7346709],[120.9536979,15.7355849],[120.9356992,15.7303168],[120.9370942,15.7172175],[120.9441447,15.7199068],[120.9573262,15.7346709]]],"type":"Polygon"},"properties":{"city":"Science City of Munoz","key":"Villa Cuizon||Science City of Munoz","name":"Villa Cuizon","psgc":"304917040","sourceType":"barangay-map-search"},"type":"Feature"},{"geometry":{"coordinates":[[[120.8798213,15.7770411],[120.8699492,15.7765385],[120.8602547,15.7817971],[120.8568081,15.7672088],[120.8576464,15.7543155],[120.8654319,15.7544677],[120.8648883,15.7607507],[120.8799677,15.7606769],[120.8798213,15.7770411]]],"type":"Polygon"},"properties":{"city":"Science City of Munoz","key":"Villa Isla||Science City of Munoz","name":"Villa Isla","psgc":"304917036","sourceType":"barangay-map-search"},"type":"Feature"},{"geometry":{"coordinates":[[[120.9356928,15.7023818],[120.9257622,15.7038281],[120.9250583,15.6845613],[120.9354451,15.6896473],[120.9382629,15.6827783],[120.9497698,15.6842898],[120.9524929,15.7017348],[120.9389483,15.697851],[120.9356928,15.7023818]]],"type":"Polygon"},"properties":{"city":"Science City of Munoz","key":"Villa Nati||Science City of Munoz","name":"Villa Nati","psgc":"304917037","sourceType":"barangay-map-search"},"type":"Feature"},{"geometry":{"coordinates":[[[120.8654319,15.7544677],[120.8576464,15.7543155],[120.8612778,15.7481092],[120.8592543,15.7331599],[120.8602398,15.7325052],[120.875084,15.7301222],[120.8774618,15.7456927],[120.8654319,15.7544677]]],"type":"Polygon"},"properties":{"city":"Science City of Munoz","key":"Villa Santos||Science City of Munoz","name":"Villa Santos","psgc":"304917038","sourceType":"barangay-map-search"},"type":"Feature"},{"geometry":{"coordinates":[[[120.9294827,15.5979521],[120.9200815,15.5961705],[120.9198069,15.592991],[120.9257341,15.5922715],[120.9278884,15.5947416],[120.9294827,15.5979521]]],"type":"Polygon"},"properties":{"city":"Talavera","key":"Andal Alino||Talavera","name":"Andal Alino","psgc":"304930001","sourceType":"barangay-map-search"},"type":"Feature"},{"geometry":{"coordinates":[[[120.9769233,15.5904589],[120.971365,15.5907254],[120.968142,15.5804058],[120.971892,15.5774424],[120.9795506,15.573251],[120.976966,15.5892458],[120.9769233,15.5904589]]],"type":"Polygon"},"properties":{"city":"Talavera","key":"Bagong Sikat||Talavera","name":"Bagong Sikat","psgc":"304930002","sourceType":"barangay-map-search"},"type":"Feature"},{"geometry":{"coordinates":[[[120.9172847,15.6443463],[120.9052242,15.6517821],[120.897824,15.6386482],[120.9006945,15.6192139],[120.9103797,15.6274238],[120.9101939,15.6340825],[120.9172847,15.6443463]]],"type":"Polygon"},"properties":{"city":"Talavera","key":"Bagong Silang||Talavera","name":"Bagong Silang","psgc":"304930003","sourceType":"barangay-map-search"},"type":"Feature"},{"geometry":{"coordinates":[[[120.9250583,15.6845613],[120.9153696,15.6831668],[120.8981139,15.6883637],[120.8806615,15.6971816],[120.8791088,15.6968446],[120.8717683,15.6888088],[120.8795706,15.6826221],[120.8913652,15.6829763],[120.8967392,15.6759237],[120.9164656,15.6733723],[120.9250583,15.6845613]]],"type":"Polygon"},"properties":{"city":"Talavera","key":"Bakal I||Talavera","name":"Bakal I","psgc":"304930004","sourceType":"barangay-map-search"},"type":"Feature"},{"geometry":{"coordinates":[[[120.9250583,15.6845613],[120.9257622,15.7038281],[120.915048,15.7000135],[120.9103847,15.7063516],[120.907887,15.6994805],[120.8971679,15.7042087],[120.8806615,15.6971816],[120.8981139,15.6883637],[120.9153696,15.6831668],[120.9250583,15.6845613]]],"type":"Polygon"},"properties":{"city":"Talavera","key":"Bakal II||Talavera","name":"Bakal II","psgc":"304930005","sourceType":"barangay-map-search"},"type":"Feature"},{"geometry":{"coordinates":[[[120.9103847,15.7063516],[120.8966089,15.7071934],[120.8971679,15.7042087],[120.907887,15.6994805],[120.9103847,15.7063516]]],"type":"Polygon"},"properties":{"city":"Talavera","key":"Bakal III||Talavera","name":"Bakal III","psgc":"304930006","sourceType":"barangay-map-search"},"type":"Feature"},{"geometry":{"coordinates":[[[120.9602533,15.5587503],[120.946992,15.5693599],[120.9432083,15.5677281],[120.9380489,15.5590349],[120.9489466,15.5480457],[120.9602533,15.5587503]]],"type":"Polygon"},"properties":{"city":"Talavera","key":"Baluga||Talavera","name":"Baluga","psgc":"304930008","sourceType":"barangay-map-search"},"type":"Feature"},{"geometry":{"coordinates":[[[120.9216161,15.5575167],[120.9205259,15.5634435],[120.9020711,15.5669765],[120.9007997,15.5641893],[120.9087113,15.5550629],[120.9047663,15.5477145],[120.918882,15.5412235],[120.9214359,15.5455669],[120.9155556,15.5542467],[120.9216161,15.5575167]]],"type":"Polygon"},"properties":{"city":"Talavera","key":"Bantug||Talavera","name":"Bantug","psgc":"304930009","sourceType":"barangay-map-search"},"type":"Feature"},{"geometry":{"coordinates":[[[120.9462665,15.6309616],[120.9383539,15.6313627],[120.9341876,15.6191306],[120.9278579,15.6103969],[120.9275571,15.6049576],[120.9468886,15.605929],[120.953846,15.6184162],[120.9507338,15.6222863],[120.9462665,15.6309616]]],"type":"Polygon"},"properties":{"city":"Talavera","key":"Bantug Hacienda||Talavera","name":"Bantug Hacienda","psgc":"304930010","sourceType":"barangay-map-search"},"type":"Feature"},{"geometry":{"coordinates":[[[120.9611793,15.656987],[120.9585768,15.6666939],[120.9502103,15.6666512],[120.9354198,15.6648717],[120.9359492,15.6574633],[120.9457691,15.6528708],[120.9549772,15.6545585],[120.9611793,15.656987]]],"type":"Polygon"},"properties":{"city":"Talavera","key":"Bantug Hamog||Talavera","name":"Bantug Hamog","psgc":"304930011","sourceType":"barangay-map-search"},"type":"Feature"},{"geometry":{"coordinates":[[[120.9630555,15.622208],[120.953846,15.6184162],[120.9468886,15.605929],[120.9606189,15.6018197],[120.9620031,15.6113367],[120.967728,15.6142384],[120.9630555,15.622208]]],"type":"Polygon"},"properties":{"city":"Talavera","key":"Bugtong na Buli||Talavera","name":"Bugtong na Buli","psgc":"304930012","sourceType":"barangay-map-search"},"type":"Feature"},{"geometry":{"coordinates":[[[120.9821032,15.6777506],[120.9918586,15.6966131],[120.9743377,15.6964014],[120.9722727,15.6857148],[120.9624465,15.6808406],[120.9631506,15.67389],[120.9715297,15.6717808],[120.9802058,15.677438],[120.9821032,15.6777506]]],"type":"Polygon"},"properties":{"city":"Talavera","key":"Bulac||Talavera","name":"Bulac","psgc":"304930013","sourceType":"barangay-map-search"},"type":"Feature"},{"geometry":{"coordinates":[[[120.9383539,15.6313627],[120.9322884,15.6338764],[120.923393,15.6240214],[120.9341876,15.6191306],[120.9383539,15.6313627]]],"type":"Polygon"},"properties":{"city":"Talavera","key":"Burnay||Talavera","name":"Burnay","psgc":"304930014","sourceType":"barangay-map-search"},"type":"Feature"},{"geometry":{"coordinates":[[[120.9853011,15.6536621],[120.9697178,15.6579732],[120.9611793,15.656987],[120.9549772,15.6545585],[120.9562468,15.6505717],[120.9658841,15.643833],[120.9786594,15.6431751],[120.9853011,15.6536621]]],"type":"Polygon"},"properties":{"city":"Talavera","key":"Caaniplahan||Talavera","name":"Caaniplahan","psgc":"304930029","sourceType":"barangay-map-search"},"type":"Feature"},{"geometry":{"coordinates":[[[120.9821032,15.6777506],[120.9802058,15.677438],[120.9798799,15.6675207],[120.9913836,15.6651279],[120.9917833,15.6741814],[120.9821032,15.6777506]]],"type":"Polygon"},"properties":{"city":"Talavera","key":"Cabubulaonan||Talavera","name":"Cabubulaonan","psgc":"304930028","sourceType":"barangay-map-search"},"type":"Feature"},{"geometry":{"coordinates":[[[120.9278579,15.6103969],[120.9187678,15.6127326],[120.9186655,15.6041071],[120.9174542,15.5965552],[120.9200815,15.5961705],[120.9294827,15.5979521],[120.9275571,15.6049576],[120.9278579,15.6103969]]],"type":"Polygon"},"properties":{"city":"Talavera","key":"Calipahan||Talavera","name":"Calipahan","psgc":"304930015","sourceType":"barangay-map-search"},"type":"Feature"},{"geometry":{"coordinates":[[[120.9341876,15.6191306],[120.923393,15.6240214],[120.9220504,15.6208105],[120.9190623,15.6156766],[120.9187678,15.6127326],[120.9278579,15.6103969],[120.9341876,15.6191306]]],"type":"Polygon"},"properties":{"city":"Talavera","key":"Campos||Talavera","name":"Campos","psgc":"304930016","sourceType":"barangay-map-search"},"type":"Feature"},{"geometry":{"coordinates":[[[120.9913836,15.6651279],[120.9798799,15.6675207],[120.9697178,15.6579732],[120.9853011,15.6536621],[120.9913836,15.6651279]]],"type":"Polygon"},"properties":{"city":"Talavera","key":"Caputican||Talavera","name":"Caputican","psgc":"304930030","sourceType":"barangay-map-search"},"type":"Feature"},{"geometry":{"coordinates":[[[120.9542274,15.6850114],[120.934882,15.677368],[120.9281936,15.663317],[120.9354198,15.6648717],[120.9502103,15.6666512],[120.9542274,15.6850114]]],"type":"Polygon"},"properties":{"city":"Talavera","key":"Casulucan Este||Talavera","name":"Casulucan Este","psgc":"304930018","sourceType":"barangay-map-search"},"type":"Feature"},{"geometry":{"coordinates":[[[120.9592356,15.641539],[120.9562468,15.6505717],[120.9487344,15.6411791],[120.9462665,15.6309616],[120.9507338,15.6222863],[120.9563378,15.6351245],[120.9592356,15.641539]]],"type":"Polygon"},"properties":{"city":"Talavera","key":"Collado||Talavera","name":"Collado","psgc":"304930019","sourceType":"barangay-map-search"},"type":"Feature"},{"geometry":{"coordinates":[[[120.9739945,15.6006921],[120.967728,15.6142384],[120.9620031,15.6113367],[120.9606189,15.6018197],[120.9657341,15.6006821],[120.9739945,15.6006921]]],"type":"Polygon"},"properties":{"city":"Talavera","key":"Dimasalang Norte||Talavera","name":"Dimasalang Norte","psgc":"304930020","sourceType":"barangay-map-search"},"type":"Feature"},{"geometry":{"coordinates":[[[120.9606189,15.6018197],[120.9468886,15.605929],[120.9483177,15.6015617],[120.938057,15.5882217],[120.9372911,15.5813085],[120.9637468,15.5937387],[120.9657341,15.6006821],[120.9606189,15.6018197]]],"type":"Polygon"},"properties":{"city":"Talavera","key":"Dimasalang Sur||Talavera","name":"Dimasalang Sur","psgc":"304930021","sourceType":"barangay-map-search"},"type":"Feature"},{"geometry":{"coordinates":[[[120.9367321,15.5587921],[120.9353645,15.5634368],[120.9216161,15.5575167],[120.9155556,15.5542467],[120.9214359,15.5455669],[120.926569,15.5532164],[120.9367321,15.5587921]]],"type":"Polygon"},"properties":{"city":"Talavera","key":"Dinarayat||Talavera","name":"Dinarayat","psgc":"304930022","sourceType":"barangay-map-search"},"type":"Feature"},{"geometry":{"coordinates":[[[120.9257341,15.5922715],[120.9198069,15.592991],[120.9196927,15.589247],[120.9253696,15.5883959],[120.9257341,15.5922715]]],"type":"Polygon"},"properties":{"city":"Talavera","key":"Esguerra District||Talavera","name":"Esguerra District","psgc":"304930024","sourceType":"barangay-map-search"},"type":"Feature"},{"geometry":{"coordinates":[[[120.9468886,15.605929],[120.9275571,15.6049576],[120.9294827,15.5979521],[120.9278884,15.5947416],[120.938057,15.5882217],[120.9483177,15.6015617],[120.9468886,15.605929]]],"type":"Polygon"},"properties":{"city":"Talavera","key":"Gulod||Talavera","name":"Gulod","psgc":"304930025","sourceType":"barangay-map-search"},"type":"Feature"},{"geometry":{"coordinates":[[[120.9661119,15.5650444],[120.9549179,15.5769488],[120.9421267,15.5702255],[120.9432083,15.5677281],[120.946992,15.5693599],[120.9602533,15.5587503],[120.9661677,15.5648603],[120.9661119,15.5650444]]],"type":"Polygon"},"properties":{"city":"Talavera","key":"Homestead I||Talavera","name":"Homestead I","psgc":"304930026","sourceType":"barangay-map-search"},"type":"Feature"},{"geometry":{"coordinates":[[[120.968142,15.5804058],[120.9627666,15.5840323],[120.9549179,15.5769488],[120.9661119,15.5650444],[120.971892,15.5774424],[120.968142,15.5804058]]],"type":"Polygon"},"properties":{"city":"Talavera","key":"Homestead II||Talavera","name":"Homestead II","psgc":"304930027","sourceType":"barangay-map-search"},"type":"Feature"},{"geometry":{"coordinates":[[[120.9786594,15.6431751],[120.9658841,15.643833],[120.9592356,15.641539],[120.9563378,15.6351245],[120.9782399,15.6347156],[120.9786594,15.6431751]]],"type":"Polygon"},"properties":{"city":"Talavera","key":"Kinalanguyan||Talavera","name":"Kinalanguyan","psgc":"304930031","sourceType":"barangay-map-search"},"type":"Feature"},{"geometry":{"coordinates":[[[120.9421267,15.5702255],[120.9351315,15.5764209],[120.9258991,15.5733257],[120.9080753,15.5755308],[120.9020711,15.5669765],[120.9205259,15.5634435],[120.9216161,15.5575167],[120.9353645,15.5634368],[120.9367321,15.5587921],[120.9380489,15.5590349],[120.9432083,15.5677281],[120.9421267,15.5702255]]],"type":"Polygon"},"properties":{"city":"Talavera","key":"La Torre||Talavera","name":"La Torre","psgc":"304930032","sourceType":"barangay-map-search"},"type":"Feature"},{"geometry":{"coordinates":[[[120.9220504,15.6208105],[120.910927,15.624591],[120.9190623,15.6156766],[120.9220504,15.6208105]]],"type":"Polygon"},"properties":{"city":"Talavera","key":"Lomboy||Talavera","name":"Lomboy","psgc":"304930033","sourceType":"barangay-map-search"},"type":"Feature"},{"geometry":{"coordinates":[[[120.9658841,15.643833],[120.9562468,15.6505717],[120.9592356,15.641539],[120.9658841,15.643833]]],"type":"Polygon"},"properties":{"city":"Talavera","key":"Mabuhay||Talavera","name":"Mabuhay","psgc":"304930034","sourceType":"barangay-map-search"},"type":"Feature"},{"geometry":{"coordinates":[[[120.9236628,15.5815603],[120.9246185,15.5848112],[120.9187488,15.5847238],[120.9080857,15.5823066],[120.9084602,15.5787376],[120.9236628,15.5815603]]],"type":"Polygon"},"properties":{"city":"Talavera","key":"Maestrang Kikay||Talavera","name":"Maestrang Kikay","psgc":"304930035","sourceType":"barangay-map-search"},"type":"Feature"},{"geometry":{"coordinates":[[[120.9047663,15.5477145],[120.9087113,15.5550629],[120.9007997,15.5641893],[120.8994539,15.549093],[120.9047663,15.5477145]]],"type":"Polygon"},"properties":{"city":"Talavera","key":"Mamandil||Talavera","name":"Mamandil","psgc":"304930036","sourceType":"barangay-map-search"},"type":"Feature"},{"geometry":{"coordinates":[[[120.9253696,15.5883959],[120.9196927,15.589247],[120.9192849,15.588462],[120.9187488,15.5847238],[120.9246185,15.5848112],[120.9253696,15.5883959]]],"type":"Polygon"},"properties":{"city":"Talavera","key":"Marcos District||Talavera","name":"Marcos District","psgc":"304930037","sourceType":"barangay-map-search"},"type":"Feature"},{"geometry":{"coordinates":[[[120.8971679,15.7042087],[120.8966089,15.7071934],[120.8826235,15.703504],[120.8791088,15.6968446],[120.8806615,15.6971816],[120.8971679,15.7042087]]],"type":"Polygon"},"properties":{"city":"Talavera","key":"Matingkis||Talavera","name":"Matingkis","psgc":"304930039","sourceType":"barangay-map-search"},"type":"Feature"},{"geometry":{"coordinates":[[[120.9873347,15.5656331],[120.9895909,15.5688829],[120.9888054,15.588238],[120.976966,15.5892458],[120.9795506,15.573251],[120.9873347,15.5656331]]],"type":"Polygon"},"properties":{"city":"Talavera","key":"Minabuyoc||Talavera","name":"Minabuyoc","psgc":"304930041","sourceType":"barangay-map-search"},"type":"Feature"},{"geometry":{"coordinates":[[[120.9192849,15.588462],[120.9161173,15.5899202],[120.9080857,15.5823066],[120.9187488,15.5847238],[120.9192849,15.588462]]],"type":"Polygon"},"properties":{"city":"Talavera","key":"Pag-asa||Talavera","name":"Pag-asa","psgc":"304930042","sourceType":"barangay-map-search"},"type":"Feature"},{"geometry":{"coordinates":[[[120.9627666,15.5840323],[120.9637468,15.5937387],[120.9372911,15.5813085],[120.9351315,15.5764209],[120.9421267,15.5702255],[120.9549179,15.5769488],[120.9627666,15.5840323]]],"type":"Polygon"},"properties":{"city":"Talavera","key":"Paludpod||Talavera","name":"Paludpod","psgc":"304930043","sourceType":"barangay-map-search"},"type":"Feature"},{"geometry":{"coordinates":[[[120.9798799,15.6675207],[120.9802058,15.677438],[120.9715297,15.6717808],[120.9631506,15.67389],[120.9585768,15.6666939],[120.9611793,15.656987],[120.9697178,15.6579732],[120.9798799,15.6675207]]],"type":"Polygon"},"properties":{"city":"Talavera","key":"Pantoc Bulac||Talavera","name":"Pantoc Bulac","psgc":"304930044","sourceType":"barangay-map-search"},"type":"Feature"},{"geometry":{"coordinates":[[[120.9489466,15.5480457],[120.9380489,15.5590349],[120.9367321,15.5587921],[120.926569,15.5532164],[120.9214359,15.5455669],[120.918882,15.5412235],[120.9203028,15.5390761],[120.9315147,15.5442756],[120.9452836,15.5430614],[120.9489466,15.5480457]]],"type":"Polygon"},"properties":{"city":"Talavera","key":"Pinagpanaan||Talavera","name":"Pinagpanaan","psgc":"304930045","sourceType":"barangay-map-search"},"type":"Feature"},{"geometry":{"coordinates":[[[120.9236628,15.5815603],[120.9084602,15.5787376],[120.9080753,15.5755308],[120.9258991,15.5733257],[120.9236628,15.5815603]]],"type":"Polygon"},"properties":{"city":"Talavera","key":"Poblacion Sur||Talavera","name":"Poblacion Sur","psgc":"304930046","sourceType":"barangay-map-search"},"type":"Feature"},{"geometry":{"coordinates":[[[120.9795506,15.573251],[120.971892,15.5774424],[120.9661119,15.5650444],[120.9661677,15.5648603],[120.9764004,15.5592673],[120.9873347,15.5656331],[120.9795506,15.573251]]],"type":"Polygon"},"properties":{"city":"Talavera","key":"Pula||Talavera","name":"Pula","psgc":"304930047","sourceType":"barangay-map-search"},"type":"Feature"},{"geometry":{"coordinates":[[[120.9200815,15.5961705],[120.9174542,15.5965552],[120.9154729,15.5912948],[120.9198069,15.592991],[120.9200815,15.5961705]]],"type":"Polygon"},"properties":{"city":"Talavera","key":"Pulong San Miguel||Talavera","name":"Pulong San Miguel","psgc":"304930048","sourceType":"barangay-map-search"},"type":"Feature"},{"geometry":{"coordinates":[[[120.9196927,15.589247],[120.9198069,15.592991],[120.9154729,15.5912948],[120.9161173,15.5899202],[120.9192849,15.588462],[120.9196927,15.589247]]],"type":"Polygon"},"properties":{"city":"Talavera","key":"Purok Matias||Talavera","name":"Purok Matias","psgc":"304930038","sourceType":"barangay-map-search"},"type":"Feature"},{"geometry":{"coordinates":[[[120.938057,15.5882217],[120.9278884,15.5947416],[120.9257341,15.5922715],[120.9253696,15.5883959],[120.9246185,15.5848112],[120.9236628,15.5815603],[120.9258991,15.5733257],[120.9351315,15.5764209],[120.9372911,15.5813085],[120.938057,15.5882217]]],"type":"Polygon"},"properties":{"city":"Talavera","key":"Sampaloc||Talavera","name":"Sampaloc","psgc":"304930049","sourceType":"barangay-map-search"},"type":"Feature"},{"geometry":{"coordinates":[[[120.9452836,15.5430614],[120.9315147,15.5442756],[120.9203028,15.5390761],[120.9143476,15.5298317],[120.9211226,15.5273201],[120.9435018,15.53578],[120.9452836,15.5430614]]],"type":"Polygon"},"properties":{"city":"Talavera","key":"San Miguel na Munti||Talavera","name":"San Miguel na Munti","psgc":"304930050","sourceType":"barangay-map-search"},"type":"Feature"},{"geometry":{"coordinates":[[[120.9103797,15.6274238],[120.9006945,15.6192139],[120.9022189,15.61087],[120.9186655,15.6041071],[120.9187678,15.6127326],[120.9190623,15.6156766],[120.910927,15.624591],[120.9103797,15.6274238]]],"type":"Polygon"},"properties":{"city":"Talavera","key":"San Pascual||Talavera","name":"San Pascual","psgc":"304930051","sourceType":"barangay-map-search"},"type":"Feature"},{"geometry":{"coordinates":[[[120.9739945,15.6006921],[120.9657341,15.6006821],[120.9637468,15.5937387],[120.9627666,15.5840323],[120.968142,15.5804058],[120.971365,15.5907254],[120.9769233,15.5904589],[120.9739945,15.6006921]]],"type":"Polygon"},"properties":{"city":"Talavera","key":"San Ricardo||Talavera","name":"San Ricardo","psgc":"304930052","sourceType":"barangay-map-search"},"type":"Feature"},{"geometry":{"coordinates":[[[120.9782399,15.6347156],[120.9563378,15.6351245],[120.9507338,15.6222863],[120.953846,15.6184162],[120.9630555,15.622208],[120.9780983,15.6306729],[120.9782399,15.6347156]]],"type":"Polygon"},"properties":{"city":"Talavera","key":"Sibul||Talavera","name":"Sibul","psgc":"304930053","sourceType":"barangay-map-search"},"type":"Feature"},{"geometry":{"coordinates":[[[120.9326766,15.6343419],[120.9172847,15.6443463],[120.9101939,15.6340825],[120.9103797,15.6274238],[120.910927,15.624591],[120.9220504,15.6208105],[120.923393,15.6240214],[120.9322884,15.6338764],[120.9326766,15.6343419]]],"type":"Polygon"},"properties":{"city":"Talavera","key":"Sicsican Matanda||Talavera","name":"Sicsican Matanda","psgc":"304930054","sourceType":"barangay-map-search"},"type":"Feature"},{"geometry":{"coordinates":[[[120.9457691,15.6528708],[120.9359492,15.6574633],[120.9354198,15.6648717],[120.9281936,15.663317],[120.9278487,15.6566735],[120.9172847,15.6443463],[120.9326766,15.6343419],[120.9457691,15.6528708]]],"type":"Polygon"},"properties":{"city":"Talavera","key":"Tabacao||Talavera","name":"Tabacao","psgc":"304930055","sourceType":"barangay-map-search"},"type":"Feature"},{"geometry":{"coordinates":[[[120.9624465,15.6808406],[120.9542274,15.6850114],[120.9502103,15.6666512],[120.9585768,15.6666939],[120.9631506,15.67389],[120.9624465,15.6808406]]],"type":"Polygon"},"properties":{"city":"Talavera","key":"Tagaytay||Talavera","name":"Tagaytay","psgc":"304930056","sourceType":"barangay-map-search"},"type":"Feature"},{"geometry":{"coordinates":[[[120.9562468,15.6505717],[120.9549772,15.6545585],[120.9457691,15.6528708],[120.9326766,15.6343419],[120.9322884,15.6338764],[120.9383539,15.6313627],[120.9462665,15.6309616],[120.9487344,15.6411791],[120.9562468,15.6505717]]],"type":"Polygon"},"properties":{"city":"Talavera","key":"Valle||Talavera","name":"Valle","psgc":"304930057","sourceType":"barangay-map-search"},"type":"Feature"},{"geometry":{"coordinates":[[[120.8601546,15.7795291],[120.8600786,15.7926388],[120.8374248,15.7907319],[120.817723,15.7838328],[120.817809,15.7816577],[120.8190454,15.7788732],[120.8230577,15.7687022],[120.8282416,15.7680142],[120.8439519,15.7814333],[120.8601546,15.7795291]]],"type":"Polygon"},"properties":{"city":"Talugtug","key":"Alula||Talugtug","name":"Alula","psgc":"304931002","sourceType":"barangay-map-search"},"type":"Feature"},{"geometry":{"coordinates":[[[120.7953541,15.7405321],[120.7841807,15.7443654],[120.7785772,15.7428924],[120.7740864,15.7280659],[120.7886076,15.7132481],[120.7953541,15.7405321]]],"type":"Polygon"},"properties":{"city":"Talugtug","key":"Baybayabas||Talugtug","name":"Baybayabas","psgc":"304931003","sourceType":"barangay-map-search"},"type":"Feature"},{"geometry":{"coordinates":[[[120.8190575,15.7932157],[120.8136784,15.8030991],[120.7983873,15.7976173],[120.8006876,15.7817389],[120.8069294,15.780907],[120.8108926,15.7819362],[120.817809,15.7816577],[120.817723,15.7838328],[120.8190575,15.7932157]]],"type":"Polygon"},"properties":{"city":"Talugtug","key":"Buted||Talugtug","name":"Buted","psgc":"304931004","sourceType":"barangay-map-search"},"type":"Feature"},{"geometry":{"coordinates":[[[120.8230577,15.7687022],[120.8190454,15.7788732],[120.8185285,15.7787721],[120.8120432,15.7751374],[120.807234,15.775963],[120.8012618,15.7744289],[120.7993664,15.7676659],[120.8004679,15.7626934],[120.7997707,15.753281],[120.8142399,15.7553152],[120.8207095,15.7650636],[120.8230577,15.7687022]]],"type":"Polygon"},"properties":{"city":"Talugtug","key":"Cabiangan||Talugtug","name":"Cabiangan","psgc":"304931005","sourceType":"barangay-map-search"},"type":"Feature"},{"geometry":{"coordinates":[[[120.8618998,15.7439334],[120.8373296,15.7444424],[120.831367,15.7309066],[120.8477892,15.7276909],[120.8618998,15.7439334]]],"type":"Polygon"},"properties":{"city":"Talugtug","key":"Calisitan||Talugtug","name":"Calisitan","psgc":"304931006","sourceType":"barangay-map-search"},"type":"Feature"},{"geometry":{"coordinates":[[[120.77586,15.7536417],[120.7721876,15.7532929],[120.7677684,15.7385397],[120.7785772,15.7428924],[120.7841807,15.7443654],[120.77586,15.7536417]]],"type":"Polygon"},"properties":{"city":"Talugtug","key":"Cinense||Talugtug","name":"Cinense","psgc":"304931007","sourceType":"barangay-map-search"},"type":"Feature"},{"geometry":{"coordinates":[[[120.8477892,15.7276909],[120.831367,15.7309066],[120.827117,15.7203463],[120.8356642,15.7121734],[120.8477892,15.7276909]]],"type":"Polygon"},"properties":{"city":"Talugtug","key":"Culiat||Talugtug","name":"Culiat","psgc":"304931008","sourceType":"barangay-map-search"},"type":"Feature"},{"geometry":{"coordinates":[[[120.8601772,15.7951165],[120.8591077,15.8106165],[120.8472503,15.8201779],[120.8381882,15.8181428],[120.8280404,15.803678],[120.8601772,15.7951165]]],"type":"Polygon"},"properties":{"city":"Talugtug","key":"Maasin||Talugtug","name":"Maasin","psgc":"304931009","sourceType":"barangay-map-search"},"type":"Feature"},{"geometry":{"coordinates":[[[120.8069294,15.780907],[120.8006876,15.7817389],[120.8012618,15.7744289],[120.807234,15.775963],[120.8071225,15.7783767],[120.8069294,15.780907]]],"type":"Polygon"},"properties":{"city":"Talugtug","key":"Magsaysay||Talugtug","name":"Magsaysay","psgc":"304931010","sourceType":"barangay-map-search"},"type":"Feature"},{"geometry":{"coordinates":[[[120.8142399,15.7553152],[120.7997707,15.753281],[120.8002839,15.7414186],[120.8023306,15.7299373],[120.8131384,15.7324227],[120.816247,15.7362592],[120.8142399,15.7553152]]],"type":"Polygon"},"properties":{"city":"Talugtug","key":"Mayamot I||Talugtug","name":"Mayamot I","psgc":"304931011","sourceType":"barangay-map-search"},"type":"Feature"},{"geometry":{"coordinates":[[[120.8002839,15.7414186],[120.7953541,15.7405321],[120.7886076,15.7132481],[120.7985425,15.7101563],[120.8023306,15.7299373],[120.8002839,15.7414186]]],"type":"Polygon"},"properties":{"city":"Talugtug","key":"Mayamot II||Talugtug","name":"Mayamot II","psgc":"304931012","sourceType":"barangay-map-search"},"type":"Feature"},{"geometry":{"coordinates":[[[120.8004679,15.7626934],[120.7839774,15.7612014],[120.77586,15.7536417],[120.7841807,15.7443654],[120.7953541,15.7405321],[120.8002839,15.7414186],[120.7997707,15.753281],[120.8004679,15.7626934]]],"type":"Polygon"},"properties":{"city":"Talugtug","key":"Nangabulan||Talugtug","name":"Nangabulan","psgc":"304931013","sourceType":"barangay-map-search"},"type":"Feature"},{"geometry":{"coordinates":[[[120.8185285,15.7787721],[120.8118626,15.7785368],[120.8120432,15.7751374],[120.8185285,15.7787721]]],"type":"Polygon"},"properties":{"city":"Talugtug","key":"Osmeña||Talugtug","name":"Osmeña","psgc":"304931014","sourceType":"barangay-map-search"},"type":"Feature"},{"geometry":{"coordinates":[[[120.831367,15.7309066],[120.8373296,15.7444424],[120.8308645,15.7436761],[120.8273524,15.7437638],[120.816247,15.7362592],[120.8131384,15.7324227],[120.8084889,15.7059788],[120.8159646,15.7103146],[120.8356642,15.7121734],[120.827117,15.7203463],[120.831367,15.7309066]]],"type":"Polygon"},"properties":{"city":"Talugtug","key":"Pangit||Talugtug","name":"Pangit","psgc":"304931015","sourceType":"barangay-map-search"},"type":"Feature"},{"geometry":{"coordinates":[[[120.7983873,15.7976173],[120.7882633,15.8015487],[120.7800029,15.7958799],[120.7870726,15.7843091],[120.7795586,15.7719492],[120.7993664,15.7676659],[120.8012618,15.7744289],[120.8006876,15.7817389],[120.7983873,15.7976173]]],"type":"Polygon"},"properties":{"city":"Talugtug","key":"Patola||Talugtug","name":"Patola","psgc":"304931016","sourceType":"barangay-map-search"},"type":"Feature"},{"geometry":{"coordinates":[[[120.8118626,15.7785368],[120.8071225,15.7783767],[120.807234,15.775963],[120.8120432,15.7751374],[120.8118626,15.7785368]]],"type":"Polygon"},"properties":{"city":"Talugtug","key":"Quezon||Talugtug","name":"Quezon","psgc":"304931017","sourceType":"barangay-map-search"},"type":"Feature"},{"geometry":{"coordinates":[[[120.8108926,15.7819362],[120.8069294,15.780907],[120.8071225,15.7783767],[120.8118626,15.7785368],[120.8108926,15.7819362]]],"type":"Polygon"},"properties":{"city":"Talugtug","key":"Quirino||Talugtug","name":"Quirino","psgc":"304931018","sourceType":"barangay-map-search"},"type":"Feature"},{"geometry":{"coordinates":[[[120.817809,15.7816577],[120.8108926,15.7819362],[120.8118626,15.7785368],[120.8185285,15.7787721],[120.8190454,15.7788732],[120.817809,15.7816577]]],"type":"Polygon"},"properties":{"city":"Talugtug","key":"Roxas||Talugtug","name":"Roxas","psgc":"304931020","sourceType":"barangay-map-search"},"type":"Feature"},{"geometry":{"coordinates":[[[120.8273524,15.7437638],[120.825845,15.7601567],[120.8207095,15.7650636],[120.8142399,15.7553152],[120.816247,15.7362592],[120.8273524,15.7437638]]],"type":"Polygon"},"properties":{"city":"Talugtug","key":"Saguing||Talugtug","name":"Saguing","psgc":"304931021","sourceType":"barangay-map-search"},"type":"Feature"},{"geometry":{"coordinates":[[[120.8601772,15.7951165],[120.8280404,15.803678],[120.8190575,15.7932157],[120.817723,15.7838328],[120.8374248,15.7907319],[120.8600786,15.7926388],[120.8601772,15.7951165]]],"type":"Polygon"},"properties":{"city":"Talugtug","key":"Sampaloc||Talugtug","name":"Sampaloc","psgc":"304931022","sourceType":"barangay-map-search"},"type":"Feature"},{"geometry":{"coordinates":[[[120.7602758,15.7615179],[120.7523464,15.7646483],[120.7519305,15.7492367],[120.7590665,15.7355848],[120.7677684,15.7385397],[120.7721876,15.7532929],[120.7602758,15.7615179]]],"type":"Polygon"},"properties":{"city":"Talugtug","key":"Santa Catalina||Talugtug","name":"Santa Catalina","psgc":"304931023","sourceType":"barangay-map-search"},"type":"Feature"},{"geometry":{"coordinates":[[[120.7795586,15.7719492],[120.7870726,15.7843091],[120.7800029,15.7958799],[120.7538389,15.7883445],[120.7523464,15.7646483],[120.7602758,15.7615179],[120.7660777,15.7705897],[120.7795586,15.7719492]]],"type":"Polygon"},"properties":{"city":"Talugtug","key":"Santo Domingo||Talugtug","name":"Santo Domingo","psgc":"304931024","sourceType":"barangay-map-search"},"type":"Feature"},{"geometry":{"coordinates":[[[120.8282416,15.7680142],[120.8230577,15.7687022],[120.8207095,15.7650636],[120.825845,15.7601567],[120.8273524,15.7437638],[120.8308645,15.7436761],[120.8374107,15.7542474],[120.8356352,15.765629],[120.8282416,15.7680142]]],"type":"Polygon"},"properties":{"city":"Talugtug","key":"Saringaya||Talugtug","name":"Saringaya","psgc":"304931025","sourceType":"barangay-map-search"},"type":"Feature"},{"geometry":{"coordinates":[[[120.8573612,15.7623386],[120.8356352,15.765629],[120.8374107,15.7542474],[120.8308645,15.7436761],[120.8373296,15.7444424],[120.8618998,15.7439334],[120.8573612,15.7623386]]],"type":"Polygon"},"properties":{"city":"Talugtug","key":"Saverona||Talugtug","name":"Saverona","psgc":"304931026","sourceType":"barangay-map-search"},"type":"Feature"},{"geometry":{"coordinates":[[[120.8084889,15.7059788],[120.8131384,15.7324227],[120.8023306,15.7299373],[120.7985425,15.7101563],[120.8084889,15.7059788]]],"type":"Polygon"},"properties":{"city":"Talugtug","key":"Tandoc||Talugtug","name":"Tandoc","psgc":"304931027","sourceType":"barangay-map-search"},"type":"Feature"},{"geometry":{"coordinates":[[[120.8136784,15.8030991],[120.8032687,15.8180831],[120.790532,15.8217542],[120.7882633,15.8015487],[120.7983873,15.7976173],[120.8136784,15.8030991]]],"type":"Polygon"},"properties":{"city":"Talugtug","key":"Tibag||Talugtug","name":"Tibag","psgc":"304931028","sourceType":"barangay-map-search"},"type":"Feature"},{"geometry":{"coordinates":[[[120.7795586,15.7719492],[120.7660777,15.7705897],[120.7602758,15.7615179],[120.7721876,15.7532929],[120.77586,15.7536417],[120.7839774,15.7612014],[120.8004679,15.7626934],[120.7993664,15.7676659],[120.7795586,15.7719492]]],"type":"Polygon"},"properties":{"city":"Talugtug","key":"Villa Boado||Talugtug","name":"Villa Boado","psgc":"304931030","sourceType":"barangay-map-search"},"type":"Feature"},{"geometry":{"coordinates":[[[120.8601546,15.7795291],[120.8439519,15.7814333],[120.8282416,15.7680142],[120.8356352,15.765629],[120.8573612,15.7623386],[120.8601546,15.7795291]]],"type":"Polygon"},"properties":{"city":"Talugtug","key":"Villa Rosario||Talugtug","name":"Villa Rosario","psgc":"304931029","sourceType":"barangay-map-search"},"type":"Feature"},{"geometry":{"coordinates":[[[120.8061999,15.4241447],[120.7989104,15.4225095],[120.7927855,15.4272098],[120.7861341,15.4291683],[120.7832874,15.4165537],[120.7844858,15.4136706],[120.778001,15.4040401],[120.7776299,15.397501],[120.7866123,15.3958065],[120.7887202,15.3999836],[120.7995037,15.4010177],[120.8084229,15.3963658],[120.8108537,15.390797],[120.8158549,15.3926367],[120.812888,15.4064888],[120.8088692,15.4065108],[120.8075219,15.4121655],[120.8085344,15.4212889],[120.8061999,15.4241447]]],"type":"Polygon"},"properties":{"city":"Zaragoza","key":"Batitang||Zaragoza","name":"Batitang","psgc":"304932001","sourceType":"barangay-map-search"},"type":"Feature"},{"geometry":{"coordinates":[[[120.8331379,15.4535451],[120.8152278,15.4583068],[120.8128042,15.4581222],[120.8114605,15.4534438],[120.8182414,15.4507031],[120.821007,15.4494367],[120.8243167,15.4393075],[120.8234428,15.4352907],[120.8343932,15.4346542],[120.8350289,15.4452357],[120.8331379,15.4535451]]],"type":"Polygon"},"properties":{"city":"Zaragoza","key":"Carmen||Zaragoza","name":"Carmen","psgc":"304932003","sourceType":"barangay-map-search"},"type":"Feature"},{"geometry":{"coordinates":[[[120.7947488,15.4472411],[120.7913969,15.448608],[120.7865422,15.4456084],[120.7878495,15.4321118],[120.7861341,15.4291683],[120.7927855,15.4272098],[120.7989104,15.4225095],[120.8061999,15.4241447],[120.8074063,15.4389927],[120.8073621,15.4410095],[120.8057974,15.4426867],[120.7947488,15.4472411]]],"type":"Polygon"},"properties":{"city":"Zaragoza","key":"Concepcion||Zaragoza","name":"Concepcion","psgc":"304932004","sourceType":"barangay-map-search"},"type":"Feature"},{"geometry":{"coordinates":[[[120.766127,15.4622864],[120.7615882,15.4658227],[120.7505358,15.4658754],[120.7452732,15.4626063],[120.7462664,15.4570228],[120.7444737,15.4504012],[120.7576032,15.4544322],[120.7775658,15.451248],[120.7855861,15.4469392],[120.7913969,15.448608],[120.7947488,15.4472411],[120.795807,15.4512961],[120.7930535,15.4532562],[120.7916913,15.4512199],[120.7728586,15.4567615],[120.7679435,15.4573092],[120.766127,15.4622864]]],"type":"Polygon"},"properties":{"city":"Zaragoza","key":"Del Pilar||Zaragoza","name":"Del Pilar","psgc":"304932005","sourceType":"barangay-map-search"},"type":"Feature"},{"geometry":{"coordinates":[[[120.8471153,15.4615539],[120.8285359,15.469388],[120.812486,15.4723067],[120.8080162,15.4637443],[120.8037786,15.463564],[120.7983172,15.4566014],[120.7986609,15.4536442],[120.8066832,15.4563401],[120.8128042,15.4581222],[120.8152278,15.4583068],[120.8331379,15.4535451],[120.8443135,15.4558024],[120.8471153,15.4615539]]],"type":"Polygon"},"properties":{"city":"Zaragoza","key":"General Luna||Zaragoza","name":"General Luna","psgc":"304932008","sourceType":"barangay-map-search"},"type":"Feature"},{"geometry":{"coordinates":[[[120.8343932,15.4346542],[120.841649,15.4448528],[120.8477894,15.4437617],[120.8553964,15.4456583],[120.8611798,15.4533858],[120.8633752,15.4614969],[120.8471153,15.4615539],[120.8443135,15.4558024],[120.8331379,15.4535451],[120.8350289,15.4452357],[120.8343932,15.4346542]]],"type":"Polygon"},"properties":{"city":"Zaragoza","key":"H. Romero||Zaragoza","name":"H. Romero","psgc":"304932009","sourceType":"barangay-map-search"},"type":"Feature"},{"geometry":{"coordinates":[[[120.7861341,15.4291683],[120.7705818,15.4327659],[120.7595706,15.4324845],[120.7611999,15.4280532],[120.7614768,15.4165016],[120.7832874,15.4165537],[120.7861341,15.4291683]]],"type":"Polygon"},"properties":{"city":"Zaragoza","key":"Macarse||Zaragoza","name":"Macarse","psgc":"304932011","sourceType":"barangay-map-search"},"type":"Feature"},{"geometry":{"coordinates":[[[120.8210183,15.4333758],[120.8074063,15.4389927],[120.8061999,15.4241447],[120.8085344,15.4212889],[120.8075219,15.4121655],[120.8088692,15.4065108],[120.812888,15.4064888],[120.8161212,15.4126043],[120.8156841,15.4268063],[120.8210183,15.4333758]]],"type":"Polygon"},"properties":{"city":"Zaragoza","key":"Manaul||Zaragoza","name":"Manaul","psgc":"304932012","sourceType":"barangay-map-search"},"type":"Feature"},{"geometry":{"coordinates":[[[120.7832874,15.4165537],[120.7614768,15.4165016],[120.7568327,15.4080626],[120.7685594,15.4069008],[120.778001,15.4040401],[120.7844858,15.4136706],[120.7832874,15.4165537]]],"type":"Polygon"},"properties":{"city":"Zaragoza","key":"Mayamot||Zaragoza","name":"Mayamot","psgc":"304932013","sourceType":"barangay-map-search"},"type":"Feature"},{"geometry":{"coordinates":[[[120.8234428,15.4352907],[120.8243167,15.4393075],[120.821007,15.4494367],[120.8182414,15.4507031],[120.8182298,15.4461333],[120.8103663,15.4460617],[120.8073621,15.4410095],[120.8074063,15.4389927],[120.8210183,15.4333758],[120.8234428,15.4352907]]],"type":"Polygon"},"properties":{"city":"Zaragoza","key":"Pantoc||Zaragoza","name":"Pantoc","psgc":"304932015","sourceType":"barangay-map-search"},"type":"Feature"},{"geometry":{"coordinates":[[[120.8057974,15.4426867],[120.8074484,15.4460959],[120.8066832,15.4563401],[120.7986609,15.4536442],[120.795807,15.4512961],[120.7947488,15.4472411],[120.8057974,15.4426867]]],"type":"Polygon"},"properties":{"city":"Zaragoza","key":"San Isidro||Zaragoza","name":"San Isidro","psgc":"304932020","sourceType":"barangay-map-search"},"type":"Feature"},{"geometry":{"coordinates":[[[120.7983172,15.4566014],[120.789904,15.4586724],[120.7898693,15.4633992],[120.7826819,15.4619353],[120.7930535,15.4532562],[120.795807,15.4512961],[120.7986609,15.4536442],[120.7983172,15.4566014]]],"type":"Polygon"},"properties":{"city":"Zaragoza","key":"San Rafael||Zaragoza","name":"San Rafael","psgc":"304932021","sourceType":"barangay-map-search"},"type":"Feature"},{"geometry":{"coordinates":[[[120.7826819,15.4619353],[120.7742486,15.4635395],[120.7695691,15.4665638],[120.766127,15.4622864],[120.7679435,15.4573092],[120.7728586,15.4567615],[120.7916913,15.4512199],[120.7930535,15.4532562],[120.7826819,15.4619353]]],"type":"Polygon"},"properties":{"city":"Zaragoza","key":"San Vicente||Zaragoza","name":"San Vicente","psgc":"304932017","sourceType":"barangay-map-search"},"type":"Feature"},{"geometry":{"coordinates":[[[120.8182414,15.4507031],[120.8114605,15.4534438],[120.8128042,15.4581222],[120.8066832,15.4563401],[120.8074484,15.4460959],[120.8057974,15.4426867],[120.8073621,15.4410095],[120.8103663,15.4460617],[120.8182298,15.4461333],[120.8182414,15.4507031]]],"type":"Polygon"},"properties":{"city":"Zaragoza","key":"Santa Cruz||Zaragoza","name":"Santa Cruz","psgc":"304932022","sourceType":"barangay-map-search"},"type":"Feature"},{"geometry":{"coordinates":[[[120.7964497,15.4858186],[120.7899802,15.4907044],[120.784128,15.4894885],[120.7738248,15.4835689],[120.7604009,15.4889706],[120.7537768,15.4849811],[120.7497553,15.4799169],[120.7490681,15.472626],[120.7454361,15.4673486],[120.7452732,15.4626063],[120.7505358,15.4658754],[120.7615882,15.4658227],[120.766127,15.4622864],[120.7695691,15.4665638],[120.7735219,15.471702],[120.7839825,15.4761698],[120.7857422,15.4823164],[120.7964497,15.4858186]]],"type":"Polygon"},"properties":{"city":"Zaragoza","key":"Santa Lucia Old||Zaragoza","name":"Santa Lucia Old","psgc":"304932024","sourceType":"barangay-map-search"},"type":"Feature"},{"geometry":{"coordinates":[[[120.812486,15.4723067],[120.7964497,15.4858186],[120.7857422,15.4823164],[120.7839825,15.4761698],[120.7735219,15.471702],[120.7695691,15.4665638],[120.7742486,15.4635395],[120.7826819,15.4619353],[120.7898693,15.4633992],[120.789904,15.4586724],[120.7983172,15.4566014],[120.8037786,15.463564],[120.8080162,15.4637443],[120.812486,15.4723067]]],"type":"Polygon"},"properties":{"city":"Zaragoza","key":"Santa Lucia Young||Zaragoza","name":"Santa Lucia Young","psgc":"304932025","sourceType":"barangay-map-search"},"type":"Feature"},{"geometry":{"coordinates":[[[120.7861341,15.4291683],[120.7878495,15.4321118],[120.7865422,15.4456084],[120.7766635,15.4444688],[120.763225,15.4392843],[120.7573609,15.439474],[120.7595706,15.4324845],[120.7705818,15.4327659],[120.7861341,15.4291683]]],"type":"Polygon"},"properties":{"city":"Zaragoza","key":"Santo Rosario Old||Zaragoza","name":"Santo Rosario Old","psgc":"304932026","sourceType":"barangay-map-search"},"type":"Feature"},{"geometry":{"coordinates":[[[120.7913969,15.448608],[120.7855861,15.4469392],[120.7775658,15.451248],[120.7576032,15.4544322],[120.7444737,15.4504012],[120.7518211,15.4414953],[120.7573609,15.439474],[120.763225,15.4392843],[120.7766635,15.4444688],[120.7865422,15.4456084],[120.7913969,15.448608]]],"type":"Polygon"},"properties":{"city":"Zaragoza","key":"Santo Rosario Young||Zaragoza","name":"Santo Rosario Young","psgc":"304932027","sourceType":"barangay-map-search"},"type":"Feature"},{"geometry":{"coordinates":[[[120.778001,15.4040401],[120.7685594,15.4069008],[120.7568327,15.4080626],[120.7540076,15.401342],[120.7641475,15.399685],[120.7753374,15.3997903],[120.7776299,15.397501],[120.778001,15.4040401]]],"type":"Polygon"},"properties":{"city":"Zaragoza","key":"Valeriana||Zaragoza","name":"Valeriana","psgc":"304932030","sourceType":"barangay-map-search"},"type":"Feature"}],"metadata":{"count":848,"generatedAt":"2026-05-23T00:18:59.110Z","source":"barangay_map_search (5).html"},"type":"FeatureCollection"}
